Country,Year,Attack Type,Target Industry,Financial Loss (in Million $),Number of Affected Users,Attack Source,Security Vulnerability Type,Defense Mechanism Used,Incident Resolution Time (in Hours)
China,2019,Phishing,Education,80.53,773169.0,Hacker Group,Unpatched Software,Vpn,63.0
China,2019,Ransomware,Retail,62.19,295961.0,Unknown,Unpatched Software,Firewall,71.0
India,2017,Man-In-The-Middle,It,38.65,605895.0,Hacker Group,Weak Passwords,Vpn,36.0
Uk,2024,Ransomware,Telecommunications,41.44,659320.0,Nation-State,Social Engineering,Ai-Based Detection,7.0
Germany,2018,Man-In-The-Middle,It,74.41,810682.0,Insider,Social Engineering,Vpn,68.0
Germany,2017,Man-In-The-Middle,Banking,98.24,285201.0,Unknown,Social Engineering,Antivirus,25.0
Germany,2016,Ddos,Telecommunications,33.26,431262.0,Insider,Unpatched Software,Vpn,34.0
France,2018,Phishing,Government,59.23,909991.0,Unknown,Zero-Day,Antivirus,66.0
India,2016,Man-In-The-Middle,Banking,16.88,698249.0,Unknown,Social Engineering,Vpn,47.0
Uk,2023,Ddos,Healthcare,69.14,505132.5,Hacker Group,Unpatched Software,Firewall,58.0
China,2019,Phishing,Telecommunications,88.67,493675.0,Unknown,Zero-Day,Vpn,29.0
China,2016,Sql Injection,Healthcare,38.81,920768.0,Hacker Group,Unpatched Software,Ai-Based Detection,27.0
India,2019,Ransomware,Education,30.56,583204.0,Insider,Zero-Day,Firewall,37.0
France,2023,Ddos,Healthcare,58.37,599797.0,Nation-State,Unpatched Software,Ai-Based Detection,35.0
France,2024,Ddos,It,48.01,922258.0,Unknown,Social Engineering,Encryption,36.0
Australia,2022,Phishing,Banking,64.31,120789.0,Nation-State,Zero-Day,Encryption,36.0
Russia,2017,Man-In-The-Middle,Healthcare,13.04,850158.0,Hacker Group,Unpatched Software,Ai-Based Detection,67.0
India,2015,Ddos,It,93.14,805278.0,Insider,Social Engineering,Encryption,56.0
Uk,2019,Malware,Telecommunications,14.01,578443.0,Insider,Social Engineering,Firewall,28.0
India,2016,Ddos,It,36.45,261808.0,Nation-State,Social Engineering,Ai-Based Detection,6.0
Brazil,2015,Ransomware,Retail,49.55,920172.0,Hacker Group,Weak Passwords,Antivirus,43.0
France,2023,Ransomware,Education,17.72,261661.0,Insider,Social Engineering,Vpn,11.0
India,2017,Ddos,Government,76.71,246205.0,Nation-State,Unpatched Software,Firewall,30.0
Japan,2022,Phishing,Telecommunications,20.42,186148.0,Nation-State,Weak Passwords,Antivirus,32.0
Brazil,2023,Ddos,Telecommunications,51.84,699007.0,Hacker Group,Social Engineering,Vpn,36.0
China,2021,Phishing,Retail,51.06,628562.0,Insider,Zero-Day,Ai-Based Detection,52.0
Japan,2022,Malware,Education,53.04,570494.0,Nation-State,Zero-Day,Vpn,53.0
Japan,2022,Ransomware,Banking,26.17,937653.0,Insider,Unpatched Software,Encryption,24.0
France,2020,Malware,It,87.32,599757.0,Unknown,Social Engineering,Antivirus,9.0
Australia,2015,Ddos,Government,82.7,904805.0,Hacker Group,Zero-Day,Encryption,61.0
Uk,2022,Sql Injection,Education,66.24,678876.0,Hacker Group,Social Engineering,Ai-Based Detection,11.0
France,2020,Malware,Telecommunications,18.38,246900.0,Hacker Group,Zero-Day,Ai-Based Detection,34.0
India,2015,Sql Injection,It,42.99,85255.0,Unknown,Unpatched Software,Encryption,61.0
Japan,2022,Phishing,Banking,98.47,972469.0,Unknown,Zero-Day,Antivirus,21.0
Brazil,2023,Phishing,Healthcare,14.51,113777.0,Nation-State,Weak Passwords,Vpn,27.0
Brazil,2020,Phishing,Banking,17.75,739540.0,Hacker Group,Zero-Day,Encryption,31.0
China,2020,Man-In-The-Middle,Education,19.81,722788.0,Nation-State,Zero-Day,Firewall,70.0
Japan,2022,Sql Injection,Retail,82.52,214372.0,Insider,Unpatched Software,Encryption,12.0
Usa,2022,Ddos,Retail,32.53,235314.0,Insider,Zero-Day,Ai-Based Detection,62.0
Brazil,2016,Ddos,Education,96.98,140812.0,Nation-State,Unpatched Software,Vpn,71.0
Russia,2015,Ddos,Telecommunications,96.39,238356.0,Unknown,Zero-Day,Ai-Based Detection,3.0
India,2021,Sql Injection,It,98.09,826976.0,Nation-State,Zero-Day,Vpn,57.0
Uk,2019,Man-In-The-Middle,Retail,39.77,757694.0,Nation-State,Unpatched Software,Encryption,69.0
Usa,2017,Ddos,It,74.12,403108.0,Hacker Group,Zero-Day,Vpn,64.0
Australia,2020,Ddos,Banking,92.95,942890.0,Insider,Zero-Day,Antivirus,19.0
France,2022,Malware,Healthcare,20.33,794906.0,Unknown,Weak Passwords,Ai-Based Detection,36.0
Australia,2022,Sql Injection,Government,27.33,481293.0,Hacker Group,Unpatched Software,Antivirus,65.0
India,2016,Ddos,Education,21.01,602692.0,Unknown,Unpatched Software,Vpn,29.0
Uk,2018,Man-In-The-Middle,Retail,13.66,455529.0,Hacker Group,Zero-Day,Firewall,40.0
Japan,2017,Phishing,Telecommunications,50.99,383395.0,Hacker Group,Zero-Day,Vpn,31.0
Usa,2023,Ddos,Retail,59.69,113612.0,Hacker Group,Zero-Day,Vpn,70.0
Australia,2019,Malware,Government,21.72,984411.0,Insider,Unpatched Software,Antivirus,17.0
Uk,2015,Phishing,It,85.58,17229.0,Hacker Group,Weak Passwords,Ai-Based Detection,30.0
France,2018,Phishing,Healthcare,75.11,581303.0,Insider,Social Engineering,Encryption,51.0
India,2019,Man-In-The-Middle,Education,10.8,799474.0,Nation-State,Zero-Day,Ai-Based Detection,23.0
India,2020,Ddos,Banking,86.27,898655.0,Nation-State,Unpatched Software,Ai-Based Detection,10.0
Uk,2021,Malware,Healthcare,67.1,698852.0,Unknown,Weak Passwords,Antivirus,57.0
India,2018,Ddos,Healthcare,76.43,304162.0,Hacker Group,Unpatched Software,Firewall,56.0
Brazil,2022,Phishing,Banking,43.4,191625.0,Hacker Group,Social Engineering,Vpn,65.0
Australia,2024,Phishing,Education,93.32,93185.0,Unknown,Unpatched Software,Vpn,14.0
India,2019,Phishing,Healthcare,35.6,40718.0,Nation-State,Zero-Day,Vpn,24.0
China,2015,Phishing,Government,42.73,310574.0,Nation-State,Zero-Day,Firewall,65.0
India,2024,Ddos,Education,73.37,475719.0,Nation-State,Social Engineering,Antivirus,52.0
Uk,2018,Malware,Retail,73.18,404060.0,Unknown,Weak Passwords,Antivirus,32.0
China,2024,Malware,Education,72.35,132726.0,Hacker Group,Zero-Day,Firewall,55.0
Uk,2016,Phishing,Banking,87.68,336376.0,Nation-State,Social Engineering,Antivirus,11.0
Australia,2022,Malware,Healthcare,67.16,566437.0,Unknown,Weak Passwords,Encryption,63.0
Russia,2017,Man-In-The-Middle,Banking,83.43,313631.0,Nation-State,Weak Passwords,Antivirus,16.0
France,2016,Ddos,Banking,28.66,996004.0,Unknown,Zero-Day,Vpn,28.0
Uk,2021,Phishing,Healthcare,55.04,871600.0,Insider,Unpatched Software,Firewall,29.0
Brazil,2015,Ddos,It,43.51,940656.0,Unknown,Weak Passwords,Ai-Based Detection,41.0
Uk,2015,Ransomware,Telecommunications,20.73,297209.0,Nation-State,Zero-Day,Firewall,66.0
Uk,2019,Phishing,It,78.19,28321.0,Insider,Unpatched Software,Antivirus,63.0
Brazil,2022,Phishing,Telecommunications,50.99,456783.0,Nation-State,Zero-Day,Encryption,36.0
Germany,2018,Ransomware,Banking,87.56,933028.0,Unknown,Unpatched Software,Vpn,25.0
Australia,2023,Phishing,Telecommunications,24.65,221512.0,Nation-State,Zero-Day,Ai-Based Detection,36.0
France,2017,Phishing,Banking,17.88,16585.0,Hacker Group,Unpatched Software,Encryption,12.0
Usa,2022,Ransomware,Education,21.01,787752.0,Nation-State,Weak Passwords,Antivirus,9.0
Russia,2022,Sql Injection,Banking,60.25,662517.0,Unknown,Social Engineering,Firewall,40.0
Brazil,2018,Malware,Education,6.63,274509.0,Hacker Group,Zero-Day,Encryption,20.0
France,2024,Phishing,Government,5.8,508649.0,Hacker Group,Zero-Day,Firewall,66.0
Brazil,2021,Ddos,It,70.26,740257.0,Unknown,Weak Passwords,Encryption,70.0
Australia,2024,Phishing,Healthcare,62.08,969504.0,Hacker Group,Social Engineering,Ai-Based Detection,5.0
Germany,2016,Man-In-The-Middle,Healthcare,90.2,779494.0,Nation-State,Social Engineering,Ai-Based Detection,54.0
Japan,2019,Malware,Banking,50.99,605166.0,Insider,Weak Passwords,Encryption,27.0
France,2022,Malware,Government,55.18,274946.0,Insider,Zero-Day,Encryption,66.0
Japan,2019,Man-In-The-Middle,Banking,41.32,645097.0,Nation-State,Zero-Day,Firewall,36.0
Uk,2015,Ddos,Telecommunications,32.92,157678.0,Unknown,Unpatched Software,Antivirus,68.0
Brazil,2022,Ddos,Retail,15.16,157034.0,Nation-State,Social Engineering,Ai-Based Detection,69.0
India,2020,Sql Injection,Education,62.5,550656.0,Nation-State,Weak Passwords,Encryption,4.0
Australia,2017,Sql Injection,Healthcare,68.91,634048.0,Hacker Group,Zero-Day,Firewall,66.0
Uk,2023,Ddos,Banking,81.26,547495.0,Nation-State,Weak Passwords,Ai-Based Detection,3.0
Uk,2024,Ddos,Healthcare,58.31,487694.0,Hacker Group,Zero-Day,Antivirus,41.0
France,2023,Man-In-The-Middle,Retail,88.65,427067.0,Hacker Group,Unpatched Software,Antivirus,42.0
Australia,2023,Malware,Telecommunications,1.51,954902.0,Hacker Group,Unpatched Software,Ai-Based Detection,55.0
Uk,2020,Ransomware,Banking,49.23,128594.0,Unknown,Weak Passwords,Firewall,53.0
Germany,2024,Phishing,Healthcare,84.53,189430.0,Nation-State,Social Engineering,Firewall,1.0
France,2021,Ddos,Healthcare,90.63,603327.0,Nation-State,Unpatched Software,Ai-Based Detection,15.0
Uk,2021,Ddos,Education,80.26,276593.0,Nation-State,Social Engineering,Encryption,36.0
Japan,2023,Malware,Education,22.87,975282.0,Insider,Unpatched Software,Firewall,49.0
India,2018,Ransomware,Retail,23.79,486810.0,Hacker Group,Unpatched Software,Antivirus,11.0
Japan,2021,Ransomware,It,35.43,969517.0,Hacker Group,Weak Passwords,Firewall,25.0
Australia,2022,Malware,Banking,74.77,151599.0,Insider,Zero-Day,Encryption,18.0
Japan,2022,Sql Injection,It,66.66,749545.0,Unknown,Social Engineering,Ai-Based Detection,30.0
Brazil,2015,Malware,Retail,78.13,71743.0,Hacker Group,Unpatched Software,Vpn,36.0
Germany,2018,Phishing,Banking,11.39,969684.0,Hacker Group,Weak Passwords,Antivirus,41.0
Uk,2020,Sql Injection,Education,87.84,842506.0,Unknown,Weak Passwords,Antivirus,19.0
Brazil,2023,Man-In-The-Middle,It,10.18,933883.0,Nation-State,Social Engineering,Encryption,41.0
Uk,2019,Malware,Banking,4.42,393748.0,Nation-State,Unpatched Software,Ai-Based Detection,10.0
Brazil,2020,Ddos,Banking,76.98,708549.0,Unknown,Weak Passwords,Encryption,37.0
Japan,2020,Ddos,Healthcare,73.24,136762.0,Unknown,Zero-Day,Vpn,41.0
Russia,2018,Malware,Telecommunications,8.11,737958.0,Unknown,Social Engineering,Vpn,35.0
Japan,2020,Man-In-The-Middle,Banking,23.55,108886.0,Insider,Unpatched Software,Antivirus,51.0
Australia,2016,Phishing,Banking,92.79,285311.0,Nation-State,Unpatched Software,Vpn,55.0
Usa,2021,Malware,Retail,71.11,961868.0,Hacker Group,Unpatched Software,Antivirus,57.0
Australia,2023,Man-In-The-Middle,Banking,57.34,471743.0,Unknown,Zero-Day,Firewall,29.0
Uk,2024,Phishing,Government,81.26,993903.0,Unknown,Weak Passwords,Firewall,25.0
China,2024,Ransomware,Telecommunications,7.32,179156.0,Nation-State,Social Engineering,Ai-Based Detection,34.0
Germany,2022,Man-In-The-Middle,Healthcare,56.27,699129.0,Nation-State,Unpatched Software,Antivirus,25.0
Russia,2021,Malware,It,83.76,920983.0,Insider,Social Engineering,Encryption,24.0
Uk,2023,Sql Injection,Banking,85.64,875790.0,Nation-State,Unpatched Software,Firewall,36.0
Russia,2016,Malware,Retail,61.39,415274.0,Hacker Group,Weak Passwords,Encryption,40.0
Russia,2023,Ransomware,Banking,42.14,505132.5,Hacker Group,Social Engineering,Vpn,38.0
France,2021,Man-In-The-Middle,Retail,94.4,357092.0,Unknown,Unpatched Software,Vpn,71.0
Australia,2021,Malware,Telecommunications,84.68,708291.0,Hacker Group,Zero-Day,Ai-Based Detection,54.0
Russia,2024,Malware,Banking,93.33,517610.0,Nation-State,Social Engineering,Firewall,35.0
Germany,2023,Phishing,Government,70.46,368803.0,Hacker Group,Unpatched Software,Vpn,23.0
China,2023,Man-In-The-Middle,Healthcare,48.71,421191.0,Nation-State,Zero-Day,Firewall,36.0
India,2018,Phishing,It,50.99,282139.0,Hacker Group,Unpatched Software,Encryption,37.0
China,2018,Malware,It,49.19,117543.0,Insider,Social Engineering,Encryption,22.0
France,2016,Phishing,Government,27.2,536925.0,Unknown,Zero-Day,Encryption,62.0
France,2023,Ransomware,Retail,64.08,238068.0,Unknown,Unpatched Software,Vpn,36.0
Japan,2022,Malware,Telecommunications,38.46,39814.0,Insider,Social Engineering,Vpn,32.0
India,2018,Ddos,Government,80.89,268956.0,Nation-State,Zero-Day,Antivirus,47.0
France,2015,Malware,Education,15.76,424.0,Nation-State,Unpatched Software,Antivirus,58.0
Usa,2021,Sql Injection,Telecommunications,82.24,982969.0,Unknown,Unpatched Software,Encryption,64.0
Germany,2021,Malware,Government,82.72,219703.0,Nation-State,Social Engineering,Firewall,33.0
Japan,2016,Man-In-The-Middle,Retail,18.96,530947.0,Nation-State,Unpatched Software,Antivirus,12.0
Uk,2017,Sql Injection,It,53.39,576110.0,Insider,Unpatched Software,Antivirus,36.0
Uk,2017,Man-In-The-Middle,Government,48.9,177154.0,Unknown,Zero-Day,Antivirus,68.0
France,2017,Sql Injection,Healthcare,60.77,212177.0,Hacker Group,Social Engineering,Encryption,2.0
Germany,2021,Ddos,Banking,91.24,8787.0,Unknown,Unpatched Software,Encryption,55.0
Usa,2015,Phishing,Education,41.36,291727.0,Insider,Social Engineering,Encryption,31.0
Germany,2022,Ddos,It,78.18,987652.0,Hacker Group,Social Engineering,Vpn,72.0
China,2022,Ransomware,Telecommunications,16.16,236284.0,Unknown,Social Engineering,Antivirus,38.0
Usa,2020,Man-In-The-Middle,Telecommunications,15.63,209853.0,Nation-State,Zero-Day,Vpn,1.0
Australia,2020,Ddos,Retail,36.29,755621.0,Unknown,Zero-Day,Antivirus,50.0
France,2015,Sql Injection,Retail,61.41,694844.0,Insider,Unpatched Software,Antivirus,43.0
France,2018,Phishing,Retail,50.99,795831.0,Nation-State,Unpatched Software,Encryption,61.0
Brazil,2020,Ddos,Retail,17.4,342253.0,Unknown,Weak Passwords,Encryption,22.0
Usa,2016,Phishing,Retail,75.94,638693.0,Nation-State,Weak Passwords,Ai-Based Detection,35.0
Usa,2018,Phishing,Banking,55.9,618616.0,Insider,Zero-Day,Vpn,51.0
Brazil,2023,Sql Injection,Retail,56.76,774426.0,Hacker Group,Social Engineering,Ai-Based Detection,21.0
Australia,2023,Ddos,Government,76.25,900661.0,Insider,Unpatched Software,Encryption,64.0
India,2019,Phishing,Telecommunications,75.23,141627.0,Insider,Unpatched Software,Ai-Based Detection,64.0
Germany,2024,Phishing,It,3.93,845785.0,Unknown,Unpatched Software,Vpn,69.0
Australia,2015,Malware,Retail,99.41,120048.0,Insider,Zero-Day,Antivirus,12.0
Usa,2016,Malware,Retail,32.89,894935.0,Unknown,Social Engineering,Ai-Based Detection,31.0
Japan,2017,Sql Injection,Healthcare,21.66,277555.0,Unknown,Social Engineering,Ai-Based Detection,45.0
Australia,2022,Ransomware,Education,85.86,461012.0,Insider,Unpatched Software,Ai-Based Detection,38.0
Russia,2021,Sql Injection,Telecommunications,80.23,599291.0,Nation-State,Social Engineering,Firewall,55.0
Australia,2016,Man-In-The-Middle,Government,31.92,163602.0,Hacker Group,Unpatched Software,Vpn,26.0
Uk,2021,Sql Injection,Government,39.03,986196.0,Nation-State,Weak Passwords,Encryption,11.0
France,2024,Ransomware,Retail,99.03,349008.0,Nation-State,Zero-Day,Encryption,20.0
Germany,2022,Sql Injection,Retail,25.1,559667.0,Unknown,Zero-Day,Antivirus,69.0
Russia,2018,Ddos,Banking,67.27,335628.0,Hacker Group,Weak Passwords,Antivirus,20.0
Germany,2016,Ransomware,Education,29.89,385363.0,Unknown,Unpatched Software,Antivirus,22.0
Usa,2021,Man-In-The-Middle,Education,15.92,945793.0,Insider,Zero-Day,Firewall,32.0
Russia,2016,Phishing,Telecommunications,95.93,595950.0,Nation-State,Social Engineering,Ai-Based Detection,11.0
Japan,2022,Ddos,Education,12.61,756722.0,Nation-State,Weak Passwords,Vpn,15.0
Australia,2024,Ransomware,Government,39.92,594424.0,Hacker Group,Zero-Day,Antivirus,54.0
China,2015,Malware,Banking,19.36,457790.0,Hacker Group,Zero-Day,Encryption,39.0
China,2024,Ransomware,Telecommunications,70.47,549337.0,Unknown,Social Engineering,Antivirus,63.0
France,2023,Malware,Healthcare,53.34,714681.0,Unknown,Unpatched Software,Firewall,34.0
India,2022,Malware,Government,84.15,849745.0,Hacker Group,Social Engineering,Antivirus,51.0
Brazil,2019,Sql Injection,Banking,27.64,826256.0,Nation-State,Zero-Day,Vpn,50.0
Uk,2017,Ddos,Banking,9.01,617543.0,Unknown,Zero-Day,Antivirus,43.0
Usa,2017,Sql Injection,Banking,9.08,895507.0,Unknown,Social Engineering,Ai-Based Detection,52.0
Uk,2020,Sql Injection,Banking,67.9,2233.0,Unknown,Social Engineering,Antivirus,45.0
Japan,2022,Phishing,Government,71.12,76776.0,Unknown,Unpatched Software,Firewall,42.0
China,2019,Ransomware,Retail,6.08,175261.0,Nation-State,Zero-Day,Vpn,64.0
Australia,2016,Man-In-The-Middle,Healthcare,90.85,746369.0,Insider,Unpatched Software,Antivirus,30.0
Australia,2017,Malware,Healthcare,77.32,563706.0,Nation-State,Zero-Day,Ai-Based Detection,35.0
India,2022,Ddos,Healthcare,12.01,254980.0,Insider,Unpatched Software,Ai-Based Detection,36.0
Russia,2021,Malware,Education,0.54,869574.0,Unknown,Unpatched Software,Antivirus,16.0
Russia,2015,Malware,It,95.33,282598.0,Unknown,Zero-Day,Vpn,21.0
Brazil,2023,Malware,Telecommunications,62.77,422623.0,Nation-State,Zero-Day,Ai-Based Detection,55.0
Brazil,2021,Malware,Healthcare,83.06,937717.0,Unknown,Unpatched Software,Encryption,56.0
India,2021,Man-In-The-Middle,Telecommunications,71.64,416077.0,Insider,Social Engineering,Vpn,39.0
Australia,2019,Man-In-The-Middle,Banking,47.67,112313.0,Insider,Social Engineering,Firewall,63.0
Australia,2017,Man-In-The-Middle,Telecommunications,79.72,799971.0,Insider,Zero-Day,Firewall,63.0
Japan,2022,Man-In-The-Middle,Retail,47.11,690595.0,Hacker Group,Social Engineering,Antivirus,71.0
India,2017,Man-In-The-Middle,Government,69.69,713419.0,Hacker Group,Unpatched Software,Ai-Based Detection,70.0
Australia,2022,Man-In-The-Middle,Healthcare,81.31,707365.0,Hacker Group,Zero-Day,Antivirus,38.0
Brazil,2016,Malware,Healthcare,83.88,155059.0,Unknown,Unpatched Software,Antivirus,29.0
Russia,2022,Phishing,Banking,85.01,923558.0,Insider,Weak Passwords,Encryption,41.0
Germany,2022,Ddos,Telecommunications,20.55,239313.0,Nation-State,Social Engineering,Ai-Based Detection,6.0
Russia,2023,Ransomware,Telecommunications,60.08,874485.0,Unknown,Weak Passwords,Antivirus,48.0
Russia,2016,Sql Injection,Healthcare,46.95,90895.0,Unknown,Social Engineering,Vpn,36.0
China,2022,Man-In-The-Middle,Retail,47.2,529593.0,Hacker Group,Zero-Day,Vpn,64.0
Germany,2018,Phishing,Government,46.92,610201.0,Nation-State,Weak Passwords,Vpn,72.0
Usa,2021,Ddos,Telecommunications,1.98,863623.0,Hacker Group,Zero-Day,Firewall,24.0
Usa,2018,Malware,Healthcare,14.28,755771.0,Insider,Zero-Day,Antivirus,44.0
Japan,2021,Sql Injection,Telecommunications,66.23,164032.0,Unknown,Social Engineering,Firewall,5.0
Russia,2022,Man-In-The-Middle,Telecommunications,95.66,259993.0,Nation-State,Weak Passwords,Antivirus,58.0
Uk,2019,Phishing,Retail,90.13,232359.0,Unknown,Social Engineering,Firewall,17.0
Germany,2018,Phishing,Telecommunications,84.9,800031.0,Unknown,Unpatched Software,Encryption,10.0
Uk,2016,Phishing,Healthcare,71.19,925040.0,Unknown,Unpatched Software,Encryption,48.0
Brazil,2016,Malware,It,99.29,273469.0,Insider,Social Engineering,Antivirus,67.0
Germany,2024,Malware,Banking,22.84,797768.0,Insider,Zero-Day,Firewall,58.0
Japan,2022,Ddos,Education,82.19,905203.0,Hacker Group,Weak Passwords,Antivirus,37.0
India,2023,Phishing,Telecommunications,11.72,512291.0,Insider,Zero-Day,Ai-Based Detection,51.0
Uk,2022,Phishing,Telecommunications,27.08,416833.0,Insider,Social Engineering,Vpn,9.0
Uk,2015,Ransomware,Government,30.74,744505.0,Nation-State,Unpatched Software,Antivirus,43.0
Brazil,2020,Malware,Banking,79.61,755029.0,Nation-State,Weak Passwords,Firewall,27.0
Brazil,2017,Malware,Banking,99.22,660182.0,Insider,Weak Passwords,Ai-Based Detection,21.0
India,2016,Ransomware,Retail,29.48,403737.0,Insider,Zero-Day,Firewall,26.0
China,2019,Ddos,Retail,7.87,86783.0,Nation-State,Weak Passwords,Antivirus,12.0
Australia,2022,Ddos,Telecommunications,86.77,390083.0,Nation-State,Social Engineering,Vpn,72.0
Brazil,2023,Man-In-The-Middle,Banking,20.15,376174.0,Unknown,Social Engineering,Firewall,43.0
Uk,2022,Ransomware,Government,31.94,485080.0,Insider,Weak Passwords,Antivirus,61.0
France,2024,Ransomware,Banking,78.82,759804.0,Unknown,Unpatched Software,Ai-Based Detection,47.0
Japan,2017,Phishing,It,65.62,286208.0,Hacker Group,Zero-Day,Firewall,57.0
Usa,2017,Malware,It,75.53,992377.0,Nation-State,Unpatched Software,Antivirus,33.0
Usa,2021,Man-In-The-Middle,Education,36.06,48987.0,Unknown,Zero-Day,Vpn,58.0
Russia,2021,Sql Injection,Telecommunications,68.07,538602.0,Insider,Unpatched Software,Vpn,19.0
Japan,2015,Malware,Healthcare,26.29,808392.0,Hacker Group,Weak Passwords,Ai-Based Detection,4.0
Uk,2015,Ransomware,It,26.12,21580.0,Unknown,Weak Passwords,Ai-Based Detection,14.0
France,2020,Phishing,Government,94.44,209658.0,Insider,Zero-Day,Vpn,11.0
Japan,2017,Man-In-The-Middle,Retail,74.12,559889.0,Nation-State,Zero-Day,Vpn,10.0
Uk,2015,Sql Injection,Government,12.92,344516.0,Insider,Zero-Day,Vpn,28.0
Australia,2024,Phishing,Retail,73.43,897569.0,Hacker Group,Social Engineering,Ai-Based Detection,66.0
Australia,2023,Sql Injection,Healthcare,99.19,538688.0,Nation-State,Zero-Day,Encryption,36.0
China,2015,Ddos,Government,22.71,303975.0,Nation-State,Social Engineering,Firewall,2.0
Japan,2022,Sql Injection,Telecommunications,67.62,822256.0,Insider,Unpatched Software,Firewall,60.0
Russia,2019,Man-In-The-Middle,Healthcare,53.82,521877.0,Unknown,Zero-Day,Encryption,66.0
Brazil,2016,Sql Injection,Education,55.83,758258.0,Unknown,Zero-Day,Encryption,36.0
Brazil,2016,Ddos,It,17.12,988369.0,Hacker Group,Weak Passwords,Ai-Based Detection,26.0
France,2022,Malware,Healthcare,67.89,325521.0,Hacker Group,Social Engineering,Vpn,69.0
Germany,2021,Ransomware,It,5.54,254933.0,Nation-State,Social Engineering,Ai-Based Detection,41.0
Uk,2023,Ddos,Government,55.28,339144.0,Unknown,Unpatched Software,Vpn,26.0
India,2022,Ransomware,Education,57.52,170002.0,Unknown,Unpatched Software,Ai-Based Detection,54.0
Japan,2019,Ddos,Government,74.65,491269.0,Nation-State,Zero-Day,Firewall,67.0
China,2019,Phishing,Banking,49.14,341100.0,Insider,Social Engineering,Firewall,37.0
India,2018,Ddos,Government,36.04,446170.0,Insider,Unpatched Software,Vpn,72.0
India,2015,Malware,Telecommunications,14.09,28398.0,Insider,Zero-Day,Antivirus,36.0
France,2017,Ransomware,Telecommunications,66.36,180698.0,Hacker Group,Zero-Day,Encryption,53.0
Germany,2017,Malware,Healthcare,8.53,676384.0,Unknown,Social Engineering,Vpn,44.0
Brazil,2015,Ransomware,Healthcare,61.91,961557.0,Insider,Unpatched Software,Firewall,64.0
Japan,2020,Phishing,Education,54.47,345334.0,Hacker Group,Weak Passwords,Antivirus,25.0
Russia,2024,Phishing,Education,87.88,263407.0,Nation-State,Zero-Day,Antivirus,8.0
Russia,2017,Phishing,It,89.22,791350.0,Nation-State,Social Engineering,Antivirus,32.0
China,2022,Ransomware,Telecommunications,64.92,591819.0,Unknown,Zero-Day,Antivirus,49.0
Uk,2016,Sql Injection,It,6.59,186612.0,Unknown,Unpatched Software,Antivirus,30.0
Japan,2018,Ransomware,Retail,48.0,187730.0,Nation-State,Weak Passwords,Ai-Based Detection,26.0
France,2022,Sql Injection,It,87.78,6456.0,Hacker Group,Social Engineering,Firewall,69.0
Japan,2020,Malware,Banking,15.73,505132.5,Hacker Group,Zero-Day,Firewall,56.0
Uk,2015,Phishing,It,30.26,256396.0,Hacker Group,Zero-Day,Encryption,29.0
Brazil,2021,Sql Injection,Healthcare,54.59,437634.0,Unknown,Weak Passwords,Ai-Based Detection,29.0
Russia,2015,Malware,Banking,63.09,80855.0,Nation-State,Zero-Day,Ai-Based Detection,53.0
India,2016,Phishing,Retail,59.36,967614.0,Nation-State,Unpatched Software,Ai-Based Detection,71.0
Japan,2020,Ransomware,It,79.52,934400.0,Unknown,Social Engineering,Vpn,4.0
Germany,2023,Man-In-The-Middle,Telecommunications,87.83,547719.0,Unknown,Weak Passwords,Ai-Based Detection,22.0
China,2016,Malware,Healthcare,96.63,808984.0,Unknown,Weak Passwords,Firewall,26.0
Japan,2023,Ransomware,Banking,52.86,261038.0,Nation-State,Social Engineering,Encryption,48.0
China,2024,Phishing,Education,4.01,841054.0,Insider,Zero-Day,Antivirus,49.0
China,2019,Ransomware,It,68.02,175038.0,Hacker Group,Weak Passwords,Vpn,67.0
Russia,2022,Phishing,Retail,67.17,774613.0,Hacker Group,Weak Passwords,Encryption,53.0
Japan,2021,Phishing,Healthcare,37.45,558357.0,Hacker Group,Weak Passwords,Vpn,49.0
India,2017,Phishing,Retail,36.78,620056.0,Nation-State,Weak Passwords,Firewall,14.0
Russia,2018,Malware,Healthcare,40.66,90640.0,Unknown,Zero-Day,Encryption,56.0
Russia,2022,Ransomware,Retail,76.93,449596.0,Unknown,Unpatched Software,Ai-Based Detection,3.0
Australia,2020,Ransomware,Healthcare,58.91,207842.0,Nation-State,Social Engineering,Antivirus,40.0
Germany,2017,Phishing,Retail,93.6,908249.0,Nation-State,Zero-Day,Ai-Based Detection,53.0
Japan,2017,Phishing,Healthcare,47.39,470895.0,Nation-State,Social Engineering,Encryption,63.0
France,2017,Malware,Education,3.21,342049.0,Nation-State,Unpatched Software,Ai-Based Detection,31.0
Brazil,2018,Phishing,Banking,98.75,316891.0,Hacker Group,Zero-Day,Antivirus,55.0
India,2019,Man-In-The-Middle,Education,27.45,633466.0,Unknown,Zero-Day,Ai-Based Detection,16.0
Usa,2023,Malware,Telecommunications,23.98,123866.0,Nation-State,Zero-Day,Firewall,43.0
France,2017,Ddos,Telecommunications,79.93,305905.0,Unknown,Unpatched Software,Encryption,44.0
Russia,2023,Sql Injection,Telecommunications,3.66,702942.0,Nation-State,Unpatched Software,Ai-Based Detection,34.0
Brazil,2016,Phishing,Retail,72.78,11339.0,Hacker Group,Social Engineering,Ai-Based Detection,34.0
Uk,2017,Sql Injection,Banking,73.88,8385.0,Nation-State,Social Engineering,Ai-Based Detection,69.0
Russia,2024,Ransomware,Banking,52.8,21810.0,Insider,Zero-Day,Vpn,48.0
India,2018,Man-In-The-Middle,Healthcare,94.6,7347.0,Insider,Zero-Day,Ai-Based Detection,7.0
Germany,2022,Sql Injection,Education,1.62,61463.0,Hacker Group,Weak Passwords,Antivirus,58.0
Russia,2020,Ddos,Healthcare,0.82,683572.0,Insider,Zero-Day,Antivirus,69.0
Germany,2015,Malware,Healthcare,90.91,654633.0,Nation-State,Weak Passwords,Antivirus,43.0
Japan,2021,Ddos,Banking,32.84,311274.0,Hacker Group,Zero-Day,Encryption,67.0
Russia,2017,Malware,Education,63.33,185208.0,Unknown,Zero-Day,Firewall,3.0
Russia,2022,Man-In-The-Middle,Healthcare,27.82,182378.0,Insider,Social Engineering,Ai-Based Detection,10.0
China,2016,Phishing,It,7.73,800480.0,Unknown,Zero-Day,Vpn,31.0
India,2019,Ddos,Banking,46.98,147761.0,Unknown,Unpatched Software,Ai-Based Detection,68.0
Russia,2024,Ransomware,Banking,80.11,923911.0,Insider,Unpatched Software,Firewall,60.0
Germany,2024,Ransomware,Education,11.81,418893.0,Insider,Social Engineering,Firewall,31.0
Germany,2016,Ransomware,Education,15.09,914593.0,Unknown,Weak Passwords,Ai-Based Detection,1.0
Japan,2015,Sql Injection,Banking,20.69,344789.0,Unknown,Zero-Day,Ai-Based Detection,69.0
India,2019,Ddos,Telecommunications,36.86,116906.0,Insider,Social Engineering,Vpn,7.0
Australia,2019,Phishing,Education,10.87,812343.0,Insider,Social Engineering,Antivirus,16.0
China,2017,Malware,It,18.17,346390.0,Hacker Group,Weak Passwords,Firewall,36.0
Brazil,2018,Phishing,It,13.89,30925.0,Unknown,Zero-Day,Encryption,43.0
Uk,2017,Ddos,Government,15.63,663812.0,Nation-State,Zero-Day,Antivirus,57.0
Brazil,2020,Man-In-The-Middle,Banking,32.72,220978.0,Nation-State,Zero-Day,Vpn,47.0
Uk,2021,Ddos,Banking,97.03,100486.0,Nation-State,Unpatched Software,Firewall,31.0
Russia,2023,Sql Injection,Education,75.63,195733.0,Nation-State,Weak Passwords,Antivirus,70.0
Japan,2023,Man-In-The-Middle,Healthcare,64.21,707978.0,Nation-State,Weak Passwords,Vpn,41.0
Brazil,2018,Phishing,Healthcare,99.14,456432.0,Insider,Weak Passwords,Antivirus,66.0
Brazil,2016,Man-In-The-Middle,It,75.51,37230.0,Unknown,Social Engineering,Ai-Based Detection,36.0
Uk,2015,Ddos,Government,11.68,890414.0,Nation-State,Unpatched Software,Ai-Based Detection,28.0
France,2021,Malware,It,33.84,440358.0,Nation-State,Social Engineering,Antivirus,5.0
India,2022,Malware,Healthcare,38.89,400752.0,Insider,Unpatched Software,Antivirus,36.0
France,2018,Phishing,Banking,89.77,134364.0,Nation-State,Zero-Day,Antivirus,63.0
Germany,2017,Ddos,Telecommunications,15.01,406483.0,Insider,Weak Passwords,Antivirus,62.0
Brazil,2018,Sql Injection,It,98.38,661583.0,Insider,Social Engineering,Encryption,30.0
Russia,2015,Sql Injection,Education,23.49,642834.0,Unknown,Weak Passwords,Antivirus,34.0
Brazil,2017,Ransomware,It,9.43,493087.0,Hacker Group,Unpatched Software,Encryption,44.0
Brazil,2021,Man-In-The-Middle,It,97.37,966570.0,Nation-State,Weak Passwords,Antivirus,32.0
Russia,2022,Phishing,Telecommunications,73.26,687383.0,Nation-State,Weak Passwords,Vpn,8.0
Germany,2020,Phishing,Retail,78.84,733304.0,Unknown,Weak Passwords,Vpn,19.0
India,2023,Ransomware,Telecommunications,3.51,661681.0,Hacker Group,Weak Passwords,Ai-Based Detection,14.0
France,2020,Sql Injection,It,25.32,644538.0,Unknown,Social Engineering,Antivirus,57.0
Germany,2015,Phishing,Banking,58.78,861637.0,Unknown,Social Engineering,Vpn,15.0
Brazil,2016,Sql Injection,Telecommunications,73.76,393189.0,Unknown,Zero-Day,Antivirus,37.0
France,2022,Sql Injection,Healthcare,27.06,999545.0,Hacker Group,Social Engineering,Encryption,47.0
Uk,2021,Sql Injection,It,77.82,935572.0,Hacker Group,Social Engineering,Encryption,61.0
France,2022,Ransomware,It,55.99,724608.0,Hacker Group,Social Engineering,Antivirus,21.0
Brazil,2024,Ddos,Banking,55.73,750979.0,Unknown,Social Engineering,Ai-Based Detection,30.0
India,2017,Malware,Telecommunications,7.44,552358.0,Nation-State,Weak Passwords,Ai-Based Detection,42.0
Australia,2019,Phishing,Banking,37.07,902654.0,Insider,Social Engineering,Antivirus,9.0
Uk,2022,Ransomware,Healthcare,75.67,413293.0,Hacker Group,Zero-Day,Antivirus,27.0
India,2024,Malware,Retail,56.19,114357.0,Insider,Zero-Day,Ai-Based Detection,58.0
Usa,2018,Malware,Government,70.53,363432.0,Hacker Group,Zero-Day,Ai-Based Detection,40.0
Japan,2016,Sql Injection,Telecommunications,63.77,304618.0,Unknown,Unpatched Software,Antivirus,54.0
India,2022,Sql Injection,It,32.73,153154.0,Hacker Group,Zero-Day,Vpn,37.0
China,2022,Malware,Banking,21.87,741153.0,Insider,Social Engineering,Encryption,66.0
Japan,2024,Man-In-The-Middle,Healthcare,72.08,261230.0,Insider,Social Engineering,Vpn,19.0
Uk,2022,Sql Injection,Telecommunications,53.82,688014.0,Unknown,Zero-Day,Encryption,18.0
Australia,2018,Ddos,Education,3.3,45027.0,Unknown,Social Engineering,Antivirus,68.0
Australia,2021,Malware,Banking,13.99,689681.0,Nation-State,Weak Passwords,Ai-Based Detection,62.0
Germany,2024,Malware,Government,93.49,702688.0,Hacker Group,Unpatched Software,Antivirus,39.0
China,2016,Phishing,Banking,97.28,86038.0,Insider,Weak Passwords,Encryption,19.0
Japan,2015,Malware,Education,17.19,899381.0,Insider,Unpatched Software,Firewall,66.0
India,2023,Malware,It,54.21,157667.0,Insider,Zero-Day,Vpn,34.0
Uk,2021,Malware,Government,64.28,643714.0,Nation-State,Weak Passwords,Vpn,25.0
Usa,2023,Ransomware,Education,71.31,3607.0,Insider,Zero-Day,Ai-Based Detection,7.0
Uk,2017,Phishing,Banking,52.31,259706.0,Hacker Group,Social Engineering,Antivirus,2.0
India,2022,Man-In-The-Middle,Retail,40.94,698921.0,Insider,Weak Passwords,Firewall,72.0
Brazil,2024,Ransomware,Government,32.21,482574.0,Nation-State,Unpatched Software,Firewall,22.0
France,2017,Ddos,It,20.44,618269.0,Nation-State,Weak Passwords,Vpn,48.0
Russia,2016,Ransomware,Government,59.66,854961.0,Unknown,Unpatched Software,Antivirus,7.0
Brazil,2019,Sql Injection,Education,56.33,595157.0,Unknown,Zero-Day,Encryption,41.0
France,2016,Sql Injection,Government,2.24,813706.0,Hacker Group,Weak Passwords,Vpn,54.0
Brazil,2018,Ddos,Telecommunications,82.05,322527.0,Nation-State,Weak Passwords,Firewall,36.0
China,2024,Ddos,Healthcare,11.92,557016.0,Unknown,Zero-Day,Firewall,34.0
Uk,2017,Ddos,Healthcare,54.83,966668.0,Hacker Group,Weak Passwords,Ai-Based Detection,15.0
France,2020,Sql Injection,Retail,36.17,813165.0,Nation-State,Unpatched Software,Antivirus,44.0
France,2018,Sql Injection,Government,80.06,400807.0,Unknown,Weak Passwords,Firewall,67.0
Brazil,2023,Man-In-The-Middle,Retail,74.85,549300.0,Hacker Group,Weak Passwords,Antivirus,26.0
Brazil,2021,Ransomware,Government,74.01,956893.0,Unknown,Social Engineering,Antivirus,49.0
India,2015,Sql Injection,Government,46.2,245370.0,Insider,Zero-Day,Ai-Based Detection,36.0
Brazil,2017,Malware,It,9.59,912731.0,Nation-State,Zero-Day,Firewall,4.0
Usa,2017,Malware,Telecommunications,81.19,362085.0,Insider,Weak Passwords,Vpn,5.0
Germany,2022,Sql Injection,Telecommunications,42.8,862664.0,Hacker Group,Zero-Day,Firewall,44.0
China,2015,Ransomware,Telecommunications,32.65,313384.0,Insider,Social Engineering,Antivirus,51.0
Russia,2018,Malware,Banking,17.99,593009.0,Unknown,Social Engineering,Firewall,27.0
Germany,2023,Sql Injection,Banking,50.99,933754.0,Insider,Zero-Day,Firewall,36.0
Japan,2015,Ddos,Government,82.12,55055.0,Hacker Group,Unpatched Software,Vpn,44.0
France,2020,Sql Injection,Education,94.63,481180.0,Hacker Group,Weak Passwords,Ai-Based Detection,10.0
Russia,2020,Man-In-The-Middle,Banking,54.03,110260.0,Unknown,Weak Passwords,Vpn,66.0
Usa,2020,Ddos,Government,10.54,741592.0,Insider,Social Engineering,Vpn,69.0
Russia,2020,Phishing,Education,34.41,928026.0,Unknown,Social Engineering,Vpn,5.0
Germany,2018,Sql Injection,Education,84.27,399014.0,Unknown,Zero-Day,Firewall,52.0
China,2018,Ransomware,Retail,35.08,42831.0,Hacker Group,Social Engineering,Antivirus,42.0
Uk,2018,Man-In-The-Middle,Healthcare,45.11,545613.0,Insider,Unpatched Software,Vpn,25.0
Australia,2023,Man-In-The-Middle,Retail,92.57,813789.0,Nation-State,Unpatched Software,Antivirus,27.0
Uk,2015,Ransomware,Banking,13.49,345825.0,Hacker Group,Zero-Day,Ai-Based Detection,6.0
Uk,2016,Phishing,Education,8.42,29671.0,Insider,Zero-Day,Encryption,61.0
Australia,2020,Phishing,Government,92.5,34011.0,Insider,Unpatched Software,Firewall,9.0
Usa,2018,Sql Injection,Banking,63.8,341383.0,Nation-State,Zero-Day,Antivirus,9.0
Japan,2020,Ransomware,Banking,40.86,565080.0,Unknown,Zero-Day,Encryption,6.0
Germany,2019,Malware,Banking,79.24,862136.0,Hacker Group,Zero-Day,Antivirus,44.0
Japan,2022,Man-In-The-Middle,Retail,37.15,241151.0,Hacker Group,Social Engineering,Antivirus,56.0
India,2022,Man-In-The-Middle,Government,62.06,321158.0,Insider,Zero-Day,Vpn,37.0
France,2023,Phishing,Education,31.03,472386.0,Nation-State,Zero-Day,Encryption,36.0
Uk,2015,Man-In-The-Middle,Healthcare,82.54,34240.0,Insider,Weak Passwords,Encryption,45.0
Usa,2019,Malware,Government,34.4,98018.0,Insider,Zero-Day,Vpn,55.0
Japan,2024,Phishing,Banking,72.2,555808.0,Unknown,Weak Passwords,Ai-Based Detection,4.0
Uk,2021,Sql Injection,Healthcare,52.23,449333.0,Hacker Group,Unpatched Software,Antivirus,39.0
Uk,2024,Man-In-The-Middle,Retail,7.16,368618.0,Nation-State,Social Engineering,Firewall,22.0
France,2022,Man-In-The-Middle,It,78.23,310175.0,Hacker Group,Unpatched Software,Ai-Based Detection,53.0
Uk,2020,Phishing,Retail,25.1,986980.0,Nation-State,Zero-Day,Vpn,71.0
Uk,2024,Ddos,Retail,88.54,518181.0,Insider,Zero-Day,Antivirus,24.0
India,2015,Phishing,Retail,49.51,72782.0,Unknown,Zero-Day,Encryption,63.0
Russia,2018,Ddos,Telecommunications,4.08,502842.0,Unknown,Zero-Day,Vpn,15.0
Uk,2024,Phishing,Retail,89.31,376586.0,Unknown,Weak Passwords,Antivirus,51.0
Germany,2023,Phishing,Government,88.55,698597.0,Unknown,Social Engineering,Antivirus,66.0
Russia,2015,Sql Injection,Education,5.26,559195.0,Insider,Weak Passwords,Vpn,52.0
India,2022,Ransomware,Retail,17.57,236253.0,Unknown,Zero-Day,Firewall,38.0
Brazil,2016,Ddos,Healthcare,8.01,534847.0,Nation-State,Zero-Day,Firewall,3.0
Australia,2016,Malware,Retail,39.86,262611.0,Unknown,Social Engineering,Antivirus,33.0
Brazil,2021,Sql Injection,Telecommunications,11.61,848702.0,Unknown,Weak Passwords,Antivirus,48.0
Germany,2017,Man-In-The-Middle,Retail,73.98,609952.0,Hacker Group,Unpatched Software,Vpn,7.0
Germany,2022,Man-In-The-Middle,It,65.86,978868.0,Insider,Weak Passwords,Ai-Based Detection,39.0
Australia,2021,Ransomware,Retail,41.26,659734.0,Insider,Unpatched Software,Antivirus,54.0
Japan,2022,Phishing,Retail,64.38,88354.0,Nation-State,Social Engineering,Ai-Based Detection,52.0
Brazil,2022,Phishing,Banking,75.01,771434.0,Hacker Group,Zero-Day,Ai-Based Detection,38.0
Australia,2016,Sql Injection,Banking,1.73,91560.0,Hacker Group,Weak Passwords,Ai-Based Detection,35.0
Uk,2021,Phishing,Healthcare,1.35,375292.0,Unknown,Unpatched Software,Firewall,48.0
Japan,2015,Sql Injection,Retail,70.88,43366.0,Unknown,Weak Passwords,Ai-Based Detection,43.0
India,2019,Ransomware,Telecommunications,32.08,429224.0,Unknown,Social Engineering,Ai-Based Detection,56.0
Brazil,2017,Phishing,Healthcare,68.99,526227.0,Hacker Group,Weak Passwords,Vpn,62.0
Japan,2024,Man-In-The-Middle,Retail,9.77,621770.0,Insider,Unpatched Software,Ai-Based Detection,70.0
India,2019,Ddos,Telecommunications,14.53,505132.5,Insider,Zero-Day,Antivirus,55.0
Brazil,2024,Sql Injection,Banking,33.06,644841.0,Insider,Weak Passwords,Antivirus,64.0
Russia,2024,Man-In-The-Middle,It,67.61,242847.0,Unknown,Unpatched Software,Vpn,37.0
China,2022,Man-In-The-Middle,Banking,85.3,155225.0,Unknown,Weak Passwords,Antivirus,13.0
Japan,2017,Man-In-The-Middle,Banking,79.68,712646.0,Nation-State,Unpatched Software,Ai-Based Detection,50.0
Uk,2022,Phishing,Government,61.87,298941.0,Unknown,Zero-Day,Antivirus,13.0
Russia,2022,Man-In-The-Middle,Telecommunications,4.92,783480.0,Insider,Zero-Day,Ai-Based Detection,55.0
Germany,2019,Phishing,Healthcare,99.97,950451.0,Hacker Group,Weak Passwords,Ai-Based Detection,29.0
China,2018,Malware,Education,95.42,917848.0,Insider,Social Engineering,Vpn,30.0
Germany,2016,Sql Injection,Education,42.98,194633.0,Nation-State,Social Engineering,Antivirus,37.0
Australia,2016,Phishing,Telecommunications,68.42,778844.0,Unknown,Zero-Day,Encryption,65.0
France,2018,Sql Injection,Government,36.14,668774.0,Unknown,Social Engineering,Firewall,61.0
France,2023,Sql Injection,Healthcare,69.76,824351.0,Unknown,Zero-Day,Firewall,17.0
Uk,2020,Phishing,Healthcare,3.02,510974.0,Unknown,Weak Passwords,Encryption,16.0
Australia,2021,Man-In-The-Middle,Healthcare,86.29,404595.0,Unknown,Social Engineering,Ai-Based Detection,3.0
Germany,2022,Sql Injection,It,6.31,742273.0,Hacker Group,Zero-Day,Ai-Based Detection,67.0
China,2016,Phishing,It,27.46,973388.0,Nation-State,Zero-Day,Ai-Based Detection,63.0
China,2024,Ddos,Government,69.28,890675.0,Hacker Group,Unpatched Software,Firewall,5.0
Germany,2022,Sql Injection,Education,68.96,710896.0,Nation-State,Zero-Day,Firewall,18.0
India,2023,Sql Injection,Retail,2.85,30883.0,Nation-State,Weak Passwords,Ai-Based Detection,51.0
Uk,2020,Sql Injection,Government,53.76,153355.0,Unknown,Zero-Day,Encryption,57.0
Japan,2020,Ddos,Healthcare,25.83,96706.0,Insider,Unpatched Software,Firewall,42.0
Australia,2016,Sql Injection,It,43.76,959797.0,Nation-State,Social Engineering,Antivirus,32.0
China,2024,Phishing,Telecommunications,9.45,501864.0,Hacker Group,Unpatched Software,Encryption,12.0
Japan,2024,Man-In-The-Middle,It,63.57,358626.0,Unknown,Weak Passwords,Vpn,26.0
Japan,2017,Man-In-The-Middle,Healthcare,11.3,64472.0,Insider,Social Engineering,Firewall,43.0
India,2023,Ddos,Education,82.11,23683.0,Unknown,Weak Passwords,Encryption,69.0
Usa,2017,Man-In-The-Middle,It,5.21,22635.0,Unknown,Unpatched Software,Ai-Based Detection,8.0
Uk,2017,Sql Injection,Government,98.75,894933.0,Insider,Weak Passwords,Antivirus,59.0
Uk,2023,Malware,Banking,55.34,259176.0,Unknown,Unpatched Software,Vpn,3.0
China,2022,Man-In-The-Middle,Banking,12.36,987115.0,Unknown,Social Engineering,Encryption,55.0
France,2022,Ddos,Healthcare,6.48,727601.0,Insider,Social Engineering,Encryption,50.0
Uk,2021,Phishing,Banking,56.53,542850.0,Nation-State,Zero-Day,Antivirus,41.0
India,2023,Ransomware,Education,41.15,352194.0,Nation-State,Unpatched Software,Firewall,10.0
France,2019,Malware,Healthcare,39.83,571521.0,Nation-State,Weak Passwords,Antivirus,8.0
Brazil,2023,Sql Injection,Healthcare,47.59,933271.0,Insider,Unpatched Software,Antivirus,30.0
Brazil,2022,Phishing,Banking,98.06,884502.0,Insider,Unpatched Software,Ai-Based Detection,55.0
China,2015,Ransomware,It,57.27,762001.0,Nation-State,Social Engineering,Vpn,67.0
France,2016,Ddos,Government,82.49,351330.0,Nation-State,Weak Passwords,Vpn,57.0
Australia,2023,Malware,Healthcare,37.73,158107.0,Unknown,Unpatched Software,Ai-Based Detection,43.0
Usa,2016,Sql Injection,Government,77.45,632319.0,Unknown,Weak Passwords,Ai-Based Detection,47.0
India,2017,Ddos,Government,75.52,352250.0,Insider,Zero-Day,Vpn,39.0
France,2018,Ransomware,Telecommunications,11.28,504165.0,Hacker Group,Zero-Day,Ai-Based Detection,55.0
Brazil,2024,Ddos,Telecommunications,36.69,738981.0,Unknown,Social Engineering,Vpn,45.0
Uk,2021,Ransomware,Banking,79.33,555527.0,Unknown,Unpatched Software,Firewall,33.0
Russia,2019,Sql Injection,Banking,59.78,681856.0,Insider,Zero-Day,Vpn,52.0
Germany,2024,Ddos,Retail,38.65,197609.0,Nation-State,Social Engineering,Vpn,36.0
Usa,2018,Man-In-The-Middle,Banking,85.29,685291.0,Hacker Group,Social Engineering,Encryption,53.0
Japan,2024,Ransomware,Retail,37.49,835730.0,Unknown,Zero-Day,Vpn,14.0
Germany,2016,Phishing,Education,48.57,907547.0,Unknown,Unpatched Software,Firewall,33.0
France,2019,Phishing,Retail,3.0,298096.0,Unknown,Social Engineering,Firewall,16.0
Uk,2023,Phishing,Retail,33.06,18579.0,Unknown,Social Engineering,Vpn,13.0
Uk,2021,Malware,Education,70.9,490771.0,Nation-State,Weak Passwords,Antivirus,70.0
Germany,2020,Phishing,Healthcare,38.12,394577.0,Nation-State,Unpatched Software,Encryption,33.0
India,2021,Ddos,Telecommunications,35.19,155426.0,Nation-State,Zero-Day,Firewall,16.0
Russia,2017,Ransomware,Education,88.9,444399.0,Insider,Zero-Day,Encryption,38.0
Japan,2015,Man-In-The-Middle,Healthcare,7.96,770028.0,Unknown,Unpatched Software,Firewall,58.0
Brazil,2023,Ransomware,Retail,66.38,608520.0,Hacker Group,Zero-Day,Vpn,14.0
Uk,2020,Ddos,Healthcare,91.45,471113.0,Hacker Group,Unpatched Software,Ai-Based Detection,71.0
Germany,2015,Man-In-The-Middle,Retail,63.65,311253.0,Nation-State,Weak Passwords,Ai-Based Detection,36.0
Brazil,2023,Ddos,It,84.19,390409.0,Insider,Zero-Day,Ai-Based Detection,31.0
China,2015,Sql Injection,It,28.35,604786.0,Unknown,Zero-Day,Vpn,34.0
China,2024,Sql Injection,Government,84.23,568377.0,Unknown,Zero-Day,Antivirus,38.0
Russia,2020,Sql Injection,Telecommunications,29.89,267678.0,Unknown,Zero-Day,Ai-Based Detection,13.0
Australia,2020,Malware,Education,5.95,592485.0,Insider,Weak Passwords,Firewall,10.0
Usa,2018,Ddos,Government,84.85,639011.0,Insider,Weak Passwords,Firewall,26.0
China,2023,Man-In-The-Middle,Telecommunications,28.82,446243.0,Unknown,Zero-Day,Firewall,36.0
Germany,2016,Ddos,Government,22.48,10438.0,Nation-State,Unpatched Software,Encryption,10.0
Brazil,2023,Sql Injection,It,97.37,796195.0,Nation-State,Social Engineering,Firewall,20.0
Australia,2022,Sql Injection,Telecommunications,53.32,55392.0,Unknown,Zero-Day,Vpn,44.0
Germany,2016,Ddos,It,63.11,579291.0,Hacker Group,Unpatched Software,Encryption,6.0
Germany,2023,Malware,Banking,70.19,791366.0,Unknown,Unpatched Software,Firewall,61.0
France,2022,Malware,It,92.29,727826.0,Unknown,Weak Passwords,Encryption,63.0
Russia,2023,Malware,It,98.07,608695.0,Nation-State,Zero-Day,Ai-Based Detection,31.0
Australia,2019,Sql Injection,Retail,13.96,496667.0,Unknown,Zero-Day,Antivirus,45.0
Japan,2024,Malware,Retail,56.9,353887.0,Unknown,Weak Passwords,Antivirus,59.0
China,2019,Ransomware,Banking,32.69,713584.0,Insider,Weak Passwords,Firewall,26.0
India,2017,Ddos,It,70.09,417831.0,Unknown,Unpatched Software,Encryption,36.0
Usa,2019,Ransomware,Banking,22.62,51219.0,Unknown,Zero-Day,Encryption,36.0
Uk,2017,Ransomware,Retail,47.91,153257.0,Insider,Zero-Day,Encryption,59.0
Russia,2017,Phishing,Retail,20.58,768022.0,Unknown,Zero-Day,Vpn,64.0
France,2024,Phishing,Banking,26.29,314347.0,Hacker Group,Unpatched Software,Antivirus,28.0
Germany,2020,Phishing,It,33.51,649406.0,Insider,Social Engineering,Firewall,27.0
Japan,2023,Phishing,Education,68.28,744595.0,Insider,Zero-Day,Antivirus,44.0
Brazil,2021,Ddos,Banking,14.72,126781.0,Insider,Weak Passwords,Antivirus,32.0
Uk,2015,Phishing,Retail,44.29,427167.0,Insider,Unpatched Software,Encryption,11.0
Uk,2023,Ransomware,Retail,41.54,396865.0,Insider,Social Engineering,Ai-Based Detection,42.0
Uk,2019,Phishing,Telecommunications,90.67,902952.0,Unknown,Weak Passwords,Encryption,8.0
Usa,2023,Ransomware,It,50.99,632075.0,Insider,Social Engineering,Encryption,64.0
France,2017,Sql Injection,Healthcare,83.73,728486.0,Nation-State,Social Engineering,Encryption,61.0
Australia,2018,Ddos,Education,64.62,109439.0,Insider,Zero-Day,Antivirus,32.0
India,2018,Malware,Education,86.38,1174.0,Insider,Weak Passwords,Vpn,23.0
Russia,2024,Phishing,Education,25.7,953987.0,Insider,Social Engineering,Ai-Based Detection,65.0
Brazil,2021,Ddos,Government,56.2,713309.0,Hacker Group,Zero-Day,Antivirus,51.0
Russia,2021,Ddos,Healthcare,11.38,334528.0,Insider,Weak Passwords,Vpn,5.0
Usa,2016,Phishing,It,92.53,219826.0,Nation-State,Social Engineering,Antivirus,38.0
Usa,2015,Sql Injection,Telecommunications,88.6,916744.0,Nation-State,Social Engineering,Antivirus,47.0
Usa,2017,Man-In-The-Middle,It,30.4,568560.0,Hacker Group,Zero-Day,Ai-Based Detection,49.0
Uk,2019,Malware,Education,90.7,440178.0,Insider,Unpatched Software,Vpn,15.0
Japan,2023,Sql Injection,Healthcare,45.38,172628.0,Insider,Weak Passwords,Encryption,4.0
Usa,2022,Ransomware,Government,71.33,257989.0,Unknown,Unpatched Software,Ai-Based Detection,68.0
Japan,2021,Phishing,Healthcare,9.42,573560.0,Hacker Group,Social Engineering,Antivirus,9.0
Brazil,2018,Malware,Education,5.27,850056.0,Hacker Group,Weak Passwords,Vpn,65.0
Australia,2018,Ddos,Retail,41.59,860119.0,Nation-State,Unpatched Software,Encryption,30.0
Usa,2015,Sql Injection,Education,98.78,140958.0,Insider,Social Engineering,Ai-Based Detection,51.0
China,2015,Ddos,Telecommunications,61.24,965727.0,Unknown,Zero-Day,Ai-Based Detection,32.0
Russia,2015,Malware,Telecommunications,69.34,20269.0,Unknown,Social Engineering,Vpn,36.0
Germany,2015,Ddos,Retail,7.84,323011.0,Nation-State,Social Engineering,Encryption,25.0
Usa,2016,Ransomware,Retail,57.17,50321.0,Nation-State,Social Engineering,Antivirus,25.0
Russia,2020,Ddos,Banking,33.99,851863.0,Insider,Weak Passwords,Firewall,25.0
China,2024,Ddos,It,22.45,704925.0,Unknown,Unpatched Software,Ai-Based Detection,52.0
France,2018,Ransomware,Banking,27.78,355077.0,Nation-State,Unpatched Software,Vpn,65.0
Australia,2022,Malware,Education,47.12,866057.0,Unknown,Social Engineering,Antivirus,17.0
Germany,2016,Phishing,Telecommunications,48.77,169455.0,Insider,Zero-Day,Antivirus,23.0
India,2023,Sql Injection,It,92.35,380022.0,Unknown,Unpatched Software,Encryption,30.0
Usa,2019,Sql Injection,Retail,88.98,898679.0,Insider,Zero-Day,Firewall,35.0
Japan,2020,Ransomware,It,61.69,704157.0,Unknown,Zero-Day,Antivirus,42.0
Russia,2022,Malware,Telecommunications,84.57,262201.0,Nation-State,Weak Passwords,Encryption,54.0
Brazil,2021,Ddos,Telecommunications,67.87,683261.0,Hacker Group,Unpatched Software,Antivirus,13.0
Usa,2022,Phishing,Banking,59.7,382379.0,Nation-State,Unpatched Software,Firewall,2.0
Germany,2024,Phishing,Government,90.21,510657.0,Nation-State,Social Engineering,Vpn,62.0
Uk,2018,Sql Injection,Education,16.23,912558.0,Nation-State,Unpatched Software,Antivirus,69.0
Uk,2020,Ransomware,Banking,16.91,952504.0,Hacker Group,Zero-Day,Ai-Based Detection,45.0
France,2015,Phishing,Government,41.88,913027.0,Insider,Unpatched Software,Antivirus,68.0
Brazil,2019,Malware,Government,31.04,269271.0,Insider,Unpatched Software,Antivirus,58.0
India,2016,Ransomware,Healthcare,37.12,113404.0,Hacker Group,Social Engineering,Antivirus,11.0
Russia,2023,Ddos,Healthcare,46.2,310868.0,Hacker Group,Weak Passwords,Antivirus,10.0
Japan,2024,Man-In-The-Middle,Telecommunications,98.3,458630.0,Insider,Social Engineering,Antivirus,14.0
Usa,2024,Ransomware,It,16.61,912183.0,Unknown,Weak Passwords,Encryption,44.0
Brazil,2017,Man-In-The-Middle,It,71.06,871891.0,Unknown,Social Engineering,Antivirus,52.0
Usa,2016,Sql Injection,Government,14.17,863298.0,Nation-State,Unpatched Software,Vpn,15.0
Australia,2018,Malware,Healthcare,82.65,434626.0,Unknown,Social Engineering,Ai-Based Detection,29.0
Australia,2018,Ransomware,It,78.27,195490.0,Unknown,Zero-Day,Antivirus,63.0
Uk,2022,Phishing,Retail,10.44,19404.0,Nation-State,Unpatched Software,Firewall,32.0
Russia,2019,Ransomware,Healthcare,21.95,217438.0,Hacker Group,Social Engineering,Firewall,14.0
India,2018,Malware,Healthcare,30.83,481452.0,Unknown,Weak Passwords,Ai-Based Detection,57.0
Uk,2020,Sql Injection,Education,35.57,386093.0,Unknown,Unpatched Software,Antivirus,42.0
France,2019,Man-In-The-Middle,Banking,28.29,929020.0,Nation-State,Weak Passwords,Antivirus,2.0
Usa,2022,Malware,It,4.06,863756.0,Nation-State,Unpatched Software,Ai-Based Detection,66.0
China,2018,Phishing,Telecommunications,58.28,300898.0,Nation-State,Unpatched Software,Encryption,18.0
Japan,2017,Sql Injection,Healthcare,7.31,191328.0,Insider,Weak Passwords,Encryption,51.0
Germany,2021,Man-In-The-Middle,Banking,37.69,361849.0,Hacker Group,Zero-Day,Firewall,63.0
Brazil,2016,Phishing,Retail,27.99,30884.0,Nation-State,Unpatched Software,Antivirus,26.0
Brazil,2022,Ransomware,Banking,71.55,902924.0,Unknown,Social Engineering,Encryption,12.0
Brazil,2024,Man-In-The-Middle,Telecommunications,27.13,943178.0,Nation-State,Weak Passwords,Vpn,63.0
Australia,2021,Sql Injection,Telecommunications,10.28,994468.0,Insider,Unpatched Software,Antivirus,8.0
China,2022,Phishing,Banking,31.35,131361.0,Insider,Weak Passwords,Antivirus,39.0
China,2023,Malware,Telecommunications,80.1,237658.0,Unknown,Zero-Day,Antivirus,26.0
Usa,2017,Ransomware,Banking,42.19,157313.0,Hacker Group,Unpatched Software,Antivirus,47.0
Uk,2021,Man-In-The-Middle,Education,40.98,414340.0,Insider,Unpatched Software,Ai-Based Detection,10.0
France,2020,Ddos,Healthcare,58.8,153523.0,Insider,Social Engineering,Encryption,22.0
Uk,2019,Phishing,It,3.33,232665.0,Unknown,Social Engineering,Ai-Based Detection,65.0
Germany,2022,Phishing,Government,58.98,383945.0,Unknown,Zero-Day,Encryption,49.0
Brazil,2022,Ransomware,Government,4.6,762006.0,Unknown,Weak Passwords,Antivirus,21.0
Germany,2019,Sql Injection,Government,96.91,408103.0,Nation-State,Unpatched Software,Firewall,36.0
France,2022,Phishing,Banking,85.91,44837.0,Unknown,Zero-Day,Ai-Based Detection,18.0
Germany,2023,Ddos,Telecommunications,51.49,642699.0,Unknown,Social Engineering,Firewall,51.0
Uk,2021,Ransomware,Telecommunications,3.99,634820.0,Insider,Unpatched Software,Encryption,33.0
France,2021,Malware,Retail,3.44,887718.0,Insider,Zero-Day,Antivirus,55.0
Usa,2020,Ddos,Education,52.7,541631.0,Unknown,Zero-Day,Ai-Based Detection,30.0
Usa,2016,Ransomware,Retail,11.58,523522.0,Unknown,Weak Passwords,Encryption,57.0
Russia,2021,Ddos,Government,91.69,686309.0,Unknown,Unpatched Software,Antivirus,42.0
India,2015,Man-In-The-Middle,Education,79.89,416328.0,Nation-State,Zero-Day,Encryption,55.0
India,2021,Man-In-The-Middle,It,53.49,582718.0,Hacker Group,Social Engineering,Encryption,20.0
Japan,2021,Man-In-The-Middle,Telecommunications,18.91,549640.0,Nation-State,Social Engineering,Encryption,17.0
Usa,2024,Ddos,Retail,15.34,1068.0,Insider,Social Engineering,Firewall,36.0
France,2018,Ddos,Telecommunications,12.72,959835.0,Unknown,Zero-Day,Firewall,38.0
Usa,2024,Ransomware,Retail,46.59,227390.0,Insider,Weak Passwords,Ai-Based Detection,40.0
France,2021,Sql Injection,Banking,62.9,577763.0,Insider,Zero-Day,Ai-Based Detection,43.0
Japan,2022,Sql Injection,Healthcare,85.33,786644.0,Nation-State,Unpatched Software,Antivirus,41.0
China,2016,Malware,Healthcare,85.15,454802.0,Insider,Unpatched Software,Antivirus,48.0
China,2024,Ddos,Healthcare,53.53,371685.0,Unknown,Social Engineering,Vpn,34.0
India,2023,Ransomware,Retail,4.32,217534.0,Unknown,Unpatched Software,Vpn,48.0
Australia,2024,Man-In-The-Middle,Telecommunications,31.68,376612.0,Nation-State,Unpatched Software,Vpn,27.0
Uk,2020,Phishing,Banking,84.77,812206.0,Hacker Group,Unpatched Software,Encryption,39.0
Australia,2021,Man-In-The-Middle,Banking,82.87,255967.0,Unknown,Social Engineering,Vpn,23.0
Usa,2023,Ddos,Healthcare,5.32,463332.0,Unknown,Weak Passwords,Encryption,16.0
Australia,2023,Ddos,It,31.48,771547.0,Hacker Group,Zero-Day,Antivirus,5.0
Uk,2020,Ddos,Retail,86.0,809209.0,Unknown,Social Engineering,Encryption,26.0
India,2024,Ddos,Retail,35.47,342575.0,Insider,Social Engineering,Firewall,49.0
Japan,2024,Phishing,Retail,94.75,478963.0,Insider,Zero-Day,Vpn,70.0
Usa,2017,Sql Injection,Banking,39.59,910393.0,Unknown,Zero-Day,Antivirus,52.0
Australia,2024,Phishing,Banking,50.99,601198.0,Insider,Zero-Day,Encryption,41.0
Uk,2018,Ransomware,Government,6.6,152302.0,Hacker Group,Social Engineering,Ai-Based Detection,26.0
Usa,2016,Sql Injection,Healthcare,25.85,79102.0,Nation-State,Zero-Day,Ai-Based Detection,4.0
India,2017,Ransomware,Retail,80.93,837506.0,Nation-State,Zero-Day,Antivirus,8.0
Germany,2018,Malware,Banking,63.81,347441.0,Hacker Group,Social Engineering,Firewall,58.0
Usa,2021,Ransomware,Telecommunications,3.63,231198.0,Insider,Unpatched Software,Encryption,42.0
Brazil,2016,Ddos,Government,80.09,555275.0,Unknown,Social Engineering,Antivirus,71.0
Uk,2016,Sql Injection,Retail,24.51,46699.0,Unknown,Zero-Day,Antivirus,36.0
Uk,2024,Man-In-The-Middle,It,56.23,706469.0,Unknown,Unpatched Software,Encryption,17.0
China,2018,Ransomware,It,43.73,311165.0,Unknown,Social Engineering,Ai-Based Detection,36.0
France,2019,Sql Injection,Government,85.13,304257.0,Nation-State,Weak Passwords,Antivirus,20.0
Brazil,2017,Sql Injection,Telecommunications,24.05,446378.0,Insider,Unpatched Software,Antivirus,59.0
China,2021,Ransomware,Healthcare,32.72,994243.0,Hacker Group,Social Engineering,Firewall,54.0
Uk,2015,Phishing,Healthcare,81.75,98634.0,Unknown,Social Engineering,Vpn,5.0
Usa,2018,Phishing,Telecommunications,42.46,93999.0,Nation-State,Social Engineering,Encryption,65.0
France,2017,Sql Injection,Education,14.54,171095.0,Hacker Group,Zero-Day,Ai-Based Detection,63.0
Usa,2015,Man-In-The-Middle,It,38.92,820182.0,Nation-State,Weak Passwords,Antivirus,16.0
Germany,2018,Sql Injection,Telecommunications,4.2,164890.0,Insider,Zero-Day,Encryption,61.0
China,2015,Sql Injection,Telecommunications,75.91,605020.0,Insider,Unpatched Software,Antivirus,43.0
Australia,2024,Ransomware,Education,44.95,500747.0,Unknown,Unpatched Software,Ai-Based Detection,58.0
Japan,2020,Man-In-The-Middle,It,35.79,854904.0,Insider,Weak Passwords,Firewall,12.0
China,2020,Sql Injection,Healthcare,62.44,55719.0,Unknown,Unpatched Software,Firewall,71.0
Brazil,2015,Phishing,Retail,19.93,355008.0,Hacker Group,Unpatched Software,Antivirus,31.0
Uk,2019,Phishing,It,75.31,428615.0,Unknown,Social Engineering,Ai-Based Detection,66.0
Australia,2015,Phishing,Healthcare,76.4,108767.0,Nation-State,Unpatched Software,Vpn,48.0
India,2020,Man-In-The-Middle,It,28.69,939469.0,Insider,Unpatched Software,Encryption,45.0
Uk,2019,Phishing,Government,23.93,325827.0,Nation-State,Zero-Day,Antivirus,39.0
Uk,2017,Man-In-The-Middle,Education,30.44,996762.0,Hacker Group,Social Engineering,Ai-Based Detection,27.0
Japan,2017,Phishing,It,5.14,319868.0,Hacker Group,Unpatched Software,Antivirus,52.0
Brazil,2018,Man-In-The-Middle,Banking,1.01,66191.0,Hacker Group,Weak Passwords,Ai-Based Detection,71.0
India,2023,Ransomware,It,18.53,925373.0,Insider,Zero-Day,Ai-Based Detection,4.0
India,2015,Malware,Telecommunications,1.52,913114.0,Insider,Unpatched Software,Vpn,15.0
Australia,2019,Ddos,Healthcare,84.89,163975.0,Nation-State,Unpatched Software,Firewall,22.0
Usa,2016,Ddos,Education,66.73,876135.0,Insider,Unpatched Software,Ai-Based Detection,67.0
China,2024,Ransomware,Banking,72.61,595380.0,Hacker Group,Zero-Day,Vpn,10.0
France,2020,Ddos,Government,44.16,840796.0,Nation-State,Weak Passwords,Ai-Based Detection,5.0
Uk,2022,Ddos,Telecommunications,80.05,484908.0,Unknown,Weak Passwords,Firewall,42.0
Russia,2018,Sql Injection,Telecommunications,13.69,146100.0,Unknown,Social Engineering,Encryption,22.0
Usa,2021,Phishing,It,29.02,555756.0,Insider,Zero-Day,Ai-Based Detection,21.0
India,2017,Ransomware,Retail,69.91,340928.0,Unknown,Social Engineering,Antivirus,61.0
Uk,2016,Malware,Telecommunications,3.76,678640.0,Insider,Zero-Day,Encryption,44.0
Brazil,2020,Phishing,It,57.43,212798.0,Insider,Social Engineering,Antivirus,31.0
Uk,2019,Ransomware,Retail,63.45,354024.0,Unknown,Weak Passwords,Ai-Based Detection,33.0
Uk,2016,Man-In-The-Middle,Government,41.34,189354.0,Insider,Zero-Day,Firewall,39.0
Australia,2022,Phishing,Education,22.73,648363.0,Unknown,Zero-Day,Vpn,47.0
Brazil,2017,Ddos,It,5.88,231114.0,Insider,Weak Passwords,Ai-Based Detection,37.0
India,2017,Ransomware,Banking,50.99,489620.0,Unknown,Unpatched Software,Vpn,43.0
Usa,2015,Ddos,It,94.14,505132.5,Unknown,Zero-Day,Ai-Based Detection,14.0
Germany,2022,Ransomware,It,33.24,550719.0,Hacker Group,Zero-Day,Ai-Based Detection,60.0
Germany,2019,Man-In-The-Middle,Banking,75.37,445254.0,Hacker Group,Unpatched Software,Vpn,42.0
Japan,2020,Phishing,Banking,49.17,218097.0,Unknown,Zero-Day,Vpn,32.0
Germany,2017,Malware,Telecommunications,94.87,324790.0,Insider,Zero-Day,Vpn,42.0
India,2023,Sql Injection,Government,28.71,497965.0,Unknown,Unpatched Software,Vpn,36.0
Australia,2023,Sql Injection,Education,42.5,933030.0,Insider,Social Engineering,Antivirus,27.0
Uk,2015,Man-In-The-Middle,It,53.07,538338.0,Nation-State,Zero-Day,Vpn,1.0
France,2018,Phishing,Retail,99.78,860459.0,Hacker Group,Social Engineering,Ai-Based Detection,11.0
Uk,2024,Ddos,Healthcare,82.87,276634.0,Unknown,Unpatched Software,Antivirus,38.0
Germany,2022,Man-In-The-Middle,Banking,81.46,316299.0,Insider,Social Engineering,Firewall,66.0
Japan,2023,Ransomware,Healthcare,33.66,410385.0,Unknown,Zero-Day,Encryption,71.0
Japan,2024,Ddos,Healthcare,99.28,589898.0,Unknown,Weak Passwords,Vpn,59.0
France,2016,Man-In-The-Middle,Retail,14.86,63760.0,Hacker Group,Weak Passwords,Vpn,8.0
Usa,2015,Ransomware,Banking,33.75,58037.0,Insider,Social Engineering,Vpn,13.0
Uk,2017,Sql Injection,Government,82.03,994787.0,Nation-State,Unpatched Software,Encryption,56.0
India,2016,Ransomware,Retail,9.53,89719.0,Unknown,Zero-Day,Firewall,36.0
Germany,2023,Sql Injection,Telecommunications,6.09,590760.0,Unknown,Unpatched Software,Firewall,32.0
Uk,2022,Ddos,It,29.05,186700.0,Insider,Weak Passwords,Antivirus,37.0
Japan,2019,Sql Injection,Education,89.48,682430.0,Hacker Group,Zero-Day,Vpn,5.0
Australia,2018,Sql Injection,Education,75.2,60868.0,Insider,Social Engineering,Antivirus,46.0
France,2022,Sql Injection,Government,29.33,182916.0,Nation-State,Unpatched Software,Antivirus,17.0
France,2023,Ddos,Education,65.96,181879.0,Insider,Weak Passwords,Antivirus,64.0
Australia,2017,Phishing,Retail,95.2,715732.0,Unknown,Weak Passwords,Antivirus,11.0
Uk,2023,Malware,Banking,16.02,452477.0,Unknown,Zero-Day,Encryption,23.0
India,2022,Ransomware,Banking,11.19,168881.0,Insider,Social Engineering,Ai-Based Detection,5.0
France,2017,Sql Injection,Healthcare,27.42,94235.0,Insider,Social Engineering,Antivirus,36.0
Australia,2015,Ransomware,Telecommunications,17.38,75314.0,Unknown,Unpatched Software,Encryption,6.0
Russia,2019,Man-In-The-Middle,Retail,99.53,515797.0,Nation-State,Social Engineering,Firewall,46.0
Russia,2024,Ddos,Telecommunications,55.05,363906.0,Insider,Weak Passwords,Antivirus,31.0
Uk,2022,Phishing,Education,79.6,446296.0,Unknown,Zero-Day,Ai-Based Detection,4.0
Russia,2017,Ransomware,Telecommunications,65.18,329972.0,Nation-State,Unpatched Software,Firewall,48.0
China,2017,Ransomware,Education,25.73,639190.0,Insider,Social Engineering,Encryption,33.0
Usa,2022,Ransomware,Government,50.99,135105.0,Unknown,Unpatched Software,Vpn,48.0
China,2015,Ddos,Education,94.74,103079.0,Nation-State,Social Engineering,Antivirus,57.0
France,2018,Ddos,It,75.88,822364.0,Unknown,Zero-Day,Vpn,71.0
India,2021,Sql Injection,Government,75.25,597509.0,Nation-State,Social Engineering,Firewall,20.0
Brazil,2023,Man-In-The-Middle,Telecommunications,90.37,705678.0,Hacker Group,Zero-Day,Antivirus,57.0
France,2020,Phishing,Retail,14.45,309967.0,Unknown,Zero-Day,Firewall,26.0
France,2022,Ransomware,Banking,54.47,604250.0,Unknown,Social Engineering,Ai-Based Detection,63.0
Uk,2024,Ransomware,It,33.66,131900.0,Unknown,Unpatched Software,Antivirus,21.0
Australia,2022,Ransomware,Banking,84.51,305494.0,Insider,Social Engineering,Firewall,19.0
Brazil,2023,Malware,Healthcare,61.56,907121.0,Unknown,Social Engineering,Vpn,33.0
India,2024,Phishing,Banking,23.32,879162.0,Unknown,Zero-Day,Vpn,38.0
Brazil,2017,Man-In-The-Middle,Telecommunications,43.71,57237.0,Unknown,Unpatched Software,Firewall,52.0
Australia,2016,Phishing,Telecommunications,2.84,880127.0,Unknown,Social Engineering,Antivirus,67.0
China,2017,Phishing,It,71.4,698847.0,Insider,Zero-Day,Ai-Based Detection,17.0
India,2022,Man-In-The-Middle,Banking,90.87,928859.0,Unknown,Unpatched Software,Firewall,32.0
India,2017,Sql Injection,It,78.94,858565.0,Unknown,Weak Passwords,Encryption,29.0
China,2022,Malware,Telecommunications,34.33,571265.0,Unknown,Unpatched Software,Firewall,17.0
Russia,2015,Ddos,Banking,40.64,259321.0,Nation-State,Social Engineering,Ai-Based Detection,62.0
Brazil,2022,Man-In-The-Middle,Banking,59.43,121504.0,Insider,Weak Passwords,Ai-Based Detection,32.0
France,2018,Ddos,Banking,50.75,670630.0,Unknown,Zero-Day,Antivirus,4.0
China,2024,Ransomware,Banking,72.18,277175.0,Insider,Social Engineering,Firewall,72.0
Usa,2016,Phishing,Retail,23.35,952463.0,Nation-State,Unpatched Software,Antivirus,26.0
Uk,2020,Ddos,Government,78.32,624619.0,Unknown,Weak Passwords,Ai-Based Detection,36.0
China,2018,Phishing,Healthcare,20.22,363934.0,Insider,Zero-Day,Firewall,24.0
Japan,2022,Sql Injection,It,33.15,44750.0,Unknown,Unpatched Software,Firewall,22.0
Uk,2021,Ddos,Banking,8.82,736601.0,Unknown,Zero-Day,Ai-Based Detection,36.0
Japan,2018,Ransomware,Education,43.32,42876.0,Unknown,Unpatched Software,Antivirus,40.0
Australia,2018,Ddos,Healthcare,90.4,536357.0,Nation-State,Weak Passwords,Encryption,55.0
Usa,2017,Phishing,Government,55.34,785099.0,Insider,Social Engineering,Encryption,29.0
France,2019,Ddos,Banking,27.89,460544.0,Unknown,Weak Passwords,Firewall,29.0
France,2020,Ransomware,Banking,66.04,881755.0,Unknown,Zero-Day,Firewall,10.0
India,2024,Sql Injection,Telecommunications,10.24,213393.0,Unknown,Social Engineering,Encryption,49.0
Uk,2017,Man-In-The-Middle,Telecommunications,43.82,213979.0,Hacker Group,Unpatched Software,Firewall,36.0
Uk,2021,Malware,Telecommunications,3.17,570243.0,Insider,Unpatched Software,Antivirus,51.0
Brazil,2016,Malware,Government,72.73,47624.0,Nation-State,Weak Passwords,Firewall,70.0
China,2024,Man-In-The-Middle,Banking,16.09,72940.0,Nation-State,Zero-Day,Vpn,26.0
Japan,2020,Malware,Telecommunications,98.14,710142.0,Insider,Zero-Day,Ai-Based Detection,56.0
Japan,2023,Malware,Retail,51.91,360524.0,Hacker Group,Unpatched Software,Firewall,47.0
France,2017,Phishing,It,55.9,309259.0,Insider,Zero-Day,Ai-Based Detection,3.0
Uk,2024,Phishing,Government,30.68,393201.0,Nation-State,Social Engineering,Firewall,3.0
Germany,2020,Ransomware,It,65.2,306799.0,Unknown,Zero-Day,Encryption,61.0
Russia,2022,Malware,Healthcare,81.92,30180.0,Insider,Weak Passwords,Ai-Based Detection,53.0
India,2017,Phishing,Retail,97.87,113745.0,Unknown,Unpatched Software,Encryption,2.0
Japan,2024,Ransomware,Banking,24.22,584428.0,Nation-State,Weak Passwords,Firewall,34.0
France,2020,Phishing,Healthcare,3.27,178268.0,Nation-State,Unpatched Software,Antivirus,2.0
China,2022,Phishing,Retail,33.69,338578.0,Unknown,Social Engineering,Ai-Based Detection,38.0
China,2024,Ddos,Healthcare,7.31,972407.0,Hacker Group,Zero-Day,Encryption,51.0
Brazil,2022,Ransomware,Banking,15.66,817169.0,Insider,Unpatched Software,Antivirus,54.0
Australia,2015,Malware,Healthcare,62.34,796100.0,Hacker Group,Social Engineering,Ai-Based Detection,20.0
Uk,2016,Man-In-The-Middle,Banking,76.06,530253.0,Unknown,Weak Passwords,Encryption,28.0
Australia,2024,Man-In-The-Middle,Government,50.36,165496.0,Nation-State,Weak Passwords,Encryption,72.0
Russia,2021,Ransomware,Banking,34.92,501490.0,Insider,Social Engineering,Firewall,44.0
India,2016,Malware,Banking,11.81,392365.0,Insider,Social Engineering,Antivirus,72.0
China,2022,Malware,Education,96.72,505132.5,Insider,Social Engineering,Antivirus,31.0
Japan,2022,Man-In-The-Middle,Retail,44.34,516125.0,Unknown,Zero-Day,Firewall,67.0
Australia,2021,Man-In-The-Middle,Telecommunications,67.72,393335.0,Hacker Group,Social Engineering,Antivirus,31.0
Uk,2018,Sql Injection,Government,34.09,197436.0,Unknown,Zero-Day,Antivirus,10.0
France,2022,Ddos,Education,31.51,452360.0,Nation-State,Zero-Day,Antivirus,65.0
Australia,2018,Phishing,Healthcare,20.39,913090.0,Unknown,Zero-Day,Vpn,2.0
Germany,2018,Sql Injection,Telecommunications,38.65,368222.0,Insider,Zero-Day,Vpn,56.0
India,2022,Sql Injection,Healthcare,50.99,826937.0,Unknown,Zero-Day,Ai-Based Detection,64.0
Brazil,2015,Ransomware,Retail,89.93,673959.0,Hacker Group,Zero-Day,Antivirus,39.0
Uk,2022,Ransomware,Education,4.29,383246.0,Nation-State,Unpatched Software,Vpn,45.0
Uk,2019,Man-In-The-Middle,Banking,50.99,422890.0,Insider,Social Engineering,Vpn,4.0
Australia,2020,Malware,Banking,42.3,497035.0,Hacker Group,Zero-Day,Ai-Based Detection,66.0
Brazil,2023,Phishing,Government,72.57,720220.0,Unknown,Weak Passwords,Firewall,71.0
Russia,2019,Phishing,Government,93.7,808318.0,Nation-State,Social Engineering,Antivirus,57.0
Germany,2022,Sql Injection,Banking,68.63,294981.0,Unknown,Zero-Day,Ai-Based Detection,3.0
Usa,2022,Phishing,Healthcare,52.7,281182.0,Nation-State,Zero-Day,Encryption,27.0
Australia,2017,Ransomware,Education,66.56,95750.0,Nation-State,Zero-Day,Antivirus,44.0
Brazil,2015,Ransomware,Retail,91.03,879260.0,Hacker Group,Social Engineering,Antivirus,16.0
Russia,2017,Man-In-The-Middle,It,14.74,561615.0,Hacker Group,Weak Passwords,Antivirus,29.0
Brazil,2016,Sql Injection,Retail,40.29,206598.0,Unknown,Zero-Day,Encryption,45.0
Brazil,2017,Man-In-The-Middle,It,56.83,171305.0,Unknown,Unpatched Software,Firewall,54.0
Russia,2024,Sql Injection,Government,63.45,492909.0,Unknown,Zero-Day,Ai-Based Detection,42.0
Uk,2021,Man-In-The-Middle,It,72.57,477493.0,Hacker Group,Unpatched Software,Encryption,16.0
Japan,2021,Phishing,Government,22.94,622723.0,Nation-State,Weak Passwords,Ai-Based Detection,67.0
Australia,2016,Malware,Healthcare,80.22,124155.0,Nation-State,Weak Passwords,Encryption,40.0
China,2024,Malware,Retail,34.49,897277.0,Unknown,Zero-Day,Vpn,55.0
Usa,2017,Sql Injection,Healthcare,51.26,28682.0,Hacker Group,Zero-Day,Vpn,44.0
Japan,2020,Phishing,Banking,73.04,512431.0,Nation-State,Unpatched Software,Vpn,44.0
Australia,2018,Sql Injection,It,19.14,171977.0,Unknown,Zero-Day,Antivirus,44.0
Uk,2015,Sql Injection,Telecommunications,38.72,943070.0,Hacker Group,Zero-Day,Vpn,36.0
Japan,2021,Ddos,Education,14.88,887855.0,Nation-State,Zero-Day,Ai-Based Detection,7.0
Usa,2018,Ransomware,Retail,54.05,535110.0,Nation-State,Zero-Day,Antivirus,2.0
Usa,2021,Man-In-The-Middle,Telecommunications,42.29,817386.0,Nation-State,Zero-Day,Firewall,8.0
India,2018,Phishing,Banking,96.59,206552.0,Nation-State,Weak Passwords,Encryption,13.0
Brazil,2020,Man-In-The-Middle,Education,71.35,154966.0,Hacker Group,Zero-Day,Antivirus,19.0
France,2016,Phishing,Banking,54.5,511287.0,Unknown,Unpatched Software,Antivirus,34.0
Germany,2023,Sql Injection,Banking,94.48,426499.0,Unknown,Unpatched Software,Vpn,37.0
Uk,2016,Man-In-The-Middle,Telecommunications,73.63,15907.0,Hacker Group,Social Engineering,Antivirus,36.0
Uk,2022,Phishing,Education,36.15,375734.0,Nation-State,Weak Passwords,Ai-Based Detection,31.0
Brazil,2023,Malware,Government,19.18,993826.0,Unknown,Zero-Day,Firewall,7.0
India,2023,Ransomware,Banking,83.18,397813.0,Nation-State,Social Engineering,Antivirus,12.0
France,2024,Ransomware,Banking,70.98,185001.0,Insider,Zero-Day,Vpn,3.0
Japan,2024,Ddos,It,7.99,805548.0,Insider,Unpatched Software,Antivirus,10.0
Brazil,2015,Sql Injection,Retail,74.74,562552.0,Nation-State,Unpatched Software,Encryption,37.0
Brazil,2018,Malware,Education,33.12,724513.0,Nation-State,Zero-Day,Vpn,46.0
Uk,2024,Sql Injection,Telecommunications,54.1,715395.0,Unknown,Social Engineering,Vpn,60.0
France,2020,Ransomware,Telecommunications,50.99,177097.0,Unknown,Unpatched Software,Encryption,15.0
Australia,2020,Man-In-The-Middle,Banking,56.34,407084.0,Unknown,Unpatched Software,Firewall,11.0
Uk,2023,Phishing,Healthcare,23.66,889641.0,Hacker Group,Social Engineering,Ai-Based Detection,50.0
Usa,2019,Sql Injection,It,17.81,378105.0,Unknown,Zero-Day,Encryption,4.0
Germany,2020,Sql Injection,Education,43.96,597987.0,Hacker Group,Weak Passwords,Encryption,50.0
Usa,2018,Malware,Education,77.07,10600.0,Insider,Social Engineering,Firewall,47.0
France,2016,Sql Injection,Healthcare,10.82,586784.0,Hacker Group,Weak Passwords,Encryption,26.0
India,2023,Sql Injection,Banking,48.53,421083.0,Insider,Unpatched Software,Ai-Based Detection,28.0
Australia,2023,Ransomware,Education,94.86,127127.0,Unknown,Social Engineering,Encryption,47.0
China,2016,Malware,Government,15.92,668188.0,Insider,Unpatched Software,Ai-Based Detection,38.0
Japan,2018,Sql Injection,Education,11.28,433618.0,Hacker Group,Social Engineering,Antivirus,59.0
Germany,2023,Malware,Telecommunications,3.86,51176.0,Unknown,Social Engineering,Encryption,61.0
Germany,2016,Sql Injection,It,34.35,918452.0,Unknown,Weak Passwords,Ai-Based Detection,16.0
Germany,2023,Ransomware,Healthcare,84.92,152814.0,Nation-State,Social Engineering,Ai-Based Detection,33.0
Usa,2017,Man-In-The-Middle,Retail,74.57,502149.0,Hacker Group,Weak Passwords,Ai-Based Detection,29.0
Uk,2019,Ransomware,Healthcare,89.81,46960.0,Nation-State,Zero-Day,Ai-Based Detection,16.0
Brazil,2017,Sql Injection,Government,40.66,651335.0,Insider,Weak Passwords,Encryption,21.0
Brazil,2018,Ddos,Telecommunications,69.83,587034.0,Hacker Group,Weak Passwords,Ai-Based Detection,35.0
France,2015,Man-In-The-Middle,Healthcare,79.58,856278.0,Hacker Group,Zero-Day,Firewall,71.0
China,2022,Ddos,Banking,79.07,880586.0,Hacker Group,Unpatched Software,Vpn,56.0
Usa,2019,Ddos,Government,81.56,78873.0,Hacker Group,Weak Passwords,Encryption,27.0
Australia,2017,Ddos,Banking,62.81,810106.0,Hacker Group,Weak Passwords,Encryption,66.0
Germany,2021,Phishing,Government,28.71,937384.0,Hacker Group,Zero-Day,Encryption,67.0
Japan,2023,Phishing,Retail,36.68,231307.0,Unknown,Zero-Day,Encryption,4.0
China,2016,Ddos,It,71.75,816710.0,Hacker Group,Weak Passwords,Vpn,60.0
Usa,2019,Man-In-The-Middle,Telecommunications,17.21,896828.0,Unknown,Weak Passwords,Firewall,33.0
Uk,2016,Ddos,Telecommunications,48.47,937466.0,Hacker Group,Social Engineering,Ai-Based Detection,28.0
China,2020,Ddos,Banking,11.72,81518.0,Nation-State,Social Engineering,Vpn,47.0
Brazil,2015,Malware,It,1.35,371048.0,Hacker Group,Zero-Day,Vpn,56.0
Usa,2019,Phishing,Banking,20.13,25946.0,Hacker Group,Weak Passwords,Ai-Based Detection,68.0
France,2017,Man-In-The-Middle,Education,14.99,942088.0,Insider,Zero-Day,Ai-Based Detection,46.0
Japan,2015,Malware,Telecommunications,28.8,915532.0,Insider,Zero-Day,Antivirus,68.0
Usa,2018,Sql Injection,Government,99.49,755576.0,Insider,Weak Passwords,Ai-Based Detection,23.0
Brazil,2018,Malware,Education,6.3,661644.0,Insider,Social Engineering,Ai-Based Detection,29.0
Uk,2019,Ddos,Telecommunications,95.75,168951.0,Unknown,Social Engineering,Vpn,13.0
Russia,2022,Man-In-The-Middle,It,49.87,816398.0,Insider,Social Engineering,Encryption,39.0
India,2017,Ddos,Education,83.49,79933.0,Hacker Group,Zero-Day,Ai-Based Detection,23.0
Usa,2019,Malware,Government,83.84,506149.0,Nation-State,Social Engineering,Encryption,35.0
Japan,2021,Phishing,Retail,81.26,245015.0,Nation-State,Zero-Day,Firewall,41.0
Japan,2017,Sql Injection,Banking,66.81,966993.0,Hacker Group,Social Engineering,Vpn,64.0
Australia,2016,Malware,Education,88.87,235062.0,Nation-State,Weak Passwords,Firewall,32.0
Brazil,2022,Phishing,Healthcare,75.08,132520.0,Unknown,Zero-Day,Antivirus,56.0
Germany,2016,Sql Injection,Retail,56.57,869605.0,Unknown,Social Engineering,Vpn,36.0
Usa,2017,Phishing,Banking,96.27,637264.0,Hacker Group,Unpatched Software,Ai-Based Detection,11.0
Russia,2021,Ddos,Banking,45.6,759356.0,Insider,Social Engineering,Vpn,1.0
Brazil,2021,Ddos,Education,69.37,666096.0,Hacker Group,Zero-Day,Encryption,9.0
India,2021,Sql Injection,Telecommunications,68.91,851981.0,Unknown,Zero-Day,Ai-Based Detection,57.0
Australia,2022,Phishing,Banking,14.97,214740.0,Nation-State,Zero-Day,Encryption,57.0
Brazil,2016,Phishing,Government,35.94,372653.0,Hacker Group,Weak Passwords,Vpn,60.0
India,2024,Phishing,Banking,64.23,903871.0,Nation-State,Unpatched Software,Encryption,17.0
India,2015,Malware,Education,64.29,924049.0,Nation-State,Social Engineering,Vpn,5.0
Uk,2020,Malware,Government,98.05,193983.0,Nation-State,Zero-Day,Antivirus,31.0
Russia,2021,Ransomware,Telecommunications,50.99,904330.0,Nation-State,Weak Passwords,Vpn,49.0
India,2018,Sql Injection,Education,52.05,505132.5,Nation-State,Zero-Day,Antivirus,11.0
Germany,2020,Man-In-The-Middle,Healthcare,28.81,691190.0,Nation-State,Unpatched Software,Firewall,27.0
China,2024,Ddos,It,61.42,412245.0,Nation-State,Social Engineering,Encryption,48.0
France,2021,Man-In-The-Middle,Healthcare,53.77,302180.0,Insider,Weak Passwords,Ai-Based Detection,11.0
Usa,2016,Ransomware,Government,8.21,537592.0,Nation-State,Zero-Day,Antivirus,11.0
Brazil,2022,Sql Injection,Retail,25.85,632061.0,Nation-State,Zero-Day,Antivirus,2.0
Brazil,2015,Ddos,Retail,67.52,224815.0,Nation-State,Social Engineering,Firewall,32.0
India,2022,Ddos,It,23.91,169310.0,Unknown,Weak Passwords,Encryption,36.0
Japan,2023,Man-In-The-Middle,Telecommunications,50.99,635827.0,Nation-State,Social Engineering,Encryption,72.0
Uk,2022,Ransomware,It,63.67,560021.0,Unknown,Zero-Day,Encryption,43.0
Japan,2021,Man-In-The-Middle,Banking,61.03,505132.5,Nation-State,Zero-Day,Ai-Based Detection,11.0
Australia,2018,Phishing,Healthcare,39.94,755469.0,Hacker Group,Social Engineering,Antivirus,58.0
India,2022,Ransomware,Retail,74.05,205336.0,Hacker Group,Social Engineering,Ai-Based Detection,2.0
France,2020,Ddos,It,7.52,957779.0,Nation-State,Social Engineering,Encryption,17.0
Uk,2017,Malware,Education,29.47,85644.0,Hacker Group,Social Engineering,Ai-Based Detection,3.0
France,2019,Man-In-The-Middle,Telecommunications,75.99,561713.0,Insider,Unpatched Software,Firewall,31.0
Germany,2022,Phishing,Banking,53.57,287762.0,Insider,Weak Passwords,Encryption,13.0
India,2015,Phishing,Healthcare,50.99,471550.0,Unknown,Zero-Day,Vpn,5.0
Japan,2018,Sql Injection,Banking,69.19,33209.0,Insider,Unpatched Software,Ai-Based Detection,66.0
China,2017,Phishing,Banking,45.83,395251.0,Unknown,Unpatched Software,Encryption,33.0
Germany,2019,Ddos,It,14.77,491791.0,Hacker Group,Zero-Day,Encryption,66.0
Australia,2016,Phishing,Healthcare,53.81,279874.0,Hacker Group,Unpatched Software,Ai-Based Detection,66.0
France,2019,Malware,It,71.94,881326.0,Insider,Unpatched Software,Firewall,36.0
Uk,2023,Ddos,It,68.86,749700.0,Nation-State,Zero-Day,Ai-Based Detection,35.0
Uk,2022,Phishing,Government,97.56,722445.0,Nation-State,Weak Passwords,Firewall,10.0
Usa,2023,Ransomware,Government,84.13,695841.0,Nation-State,Zero-Day,Ai-Based Detection,21.0
Usa,2020,Sql Injection,Government,40.95,803757.0,Hacker Group,Social Engineering,Firewall,33.0
Japan,2022,Ddos,It,20.16,174510.0,Insider,Zero-Day,Ai-Based Detection,60.0
Germany,2022,Sql Injection,Retail,11.51,857660.0,Hacker Group,Zero-Day,Antivirus,37.0
Uk,2020,Sql Injection,Banking,47.67,729265.0,Unknown,Zero-Day,Firewall,42.0
India,2023,Phishing,Retail,38.89,836604.0,Hacker Group,Unpatched Software,Ai-Based Detection,44.0
China,2016,Malware,Government,91.69,885843.0,Unknown,Unpatched Software,Ai-Based Detection,46.0
France,2015,Man-In-The-Middle,Education,17.94,808798.0,Unknown,Social Engineering,Encryption,60.0
Russia,2018,Man-In-The-Middle,Telecommunications,30.5,401208.0,Unknown,Unpatched Software,Vpn,10.0
Japan,2021,Ransomware,Banking,77.33,380970.0,Nation-State,Weak Passwords,Encryption,44.0
Usa,2021,Phishing,Healthcare,70.03,248437.0,Hacker Group,Social Engineering,Encryption,70.0
Australia,2024,Sql Injection,Retail,66.49,709125.0,Hacker Group,Weak Passwords,Ai-Based Detection,36.0
Japan,2018,Malware,Education,5.33,656250.0,Hacker Group,Social Engineering,Firewall,67.0
India,2020,Ransomware,Healthcare,10.46,505132.5,Unknown,Unpatched Software,Firewall,63.0
Australia,2017,Phishing,Healthcare,39.3,290846.0,Unknown,Weak Passwords,Firewall,3.0
India,2023,Ddos,Banking,23.83,557428.0,Insider,Zero-Day,Vpn,38.0
Japan,2015,Ddos,Banking,59.13,182440.0,Insider,Zero-Day,Firewall,8.0
Australia,2021,Ddos,Government,30.24,292383.0,Insider,Social Engineering,Encryption,36.0
Uk,2017,Ddos,Government,86.82,99728.0,Nation-State,Unpatched Software,Vpn,44.0
Usa,2015,Ddos,It,66.39,365006.0,Insider,Weak Passwords,Vpn,47.0
Russia,2019,Ransomware,Telecommunications,61.11,605427.0,Unknown,Zero-Day,Encryption,33.0
Usa,2022,Malware,Retail,7.65,864358.0,Hacker Group,Unpatched Software,Vpn,11.0
Usa,2016,Ransomware,Retail,9.82,610968.0,Unknown,Unpatched Software,Antivirus,26.0
China,2016,Ddos,It,67.28,413150.0,Hacker Group,Social Engineering,Firewall,27.0
Usa,2017,Malware,Education,13.14,681956.0,Nation-State,Social Engineering,Antivirus,35.0
Australia,2016,Man-In-The-Middle,It,84.46,94162.0,Unknown,Weak Passwords,Firewall,15.0
France,2023,Man-In-The-Middle,Retail,9.43,565002.0,Hacker Group,Unpatched Software,Firewall,72.0
France,2017,Phishing,Retail,90.69,275185.0,Nation-State,Zero-Day,Encryption,20.0
Russia,2021,Ddos,Retail,37.47,476758.0,Hacker Group,Unpatched Software,Ai-Based Detection,19.0
Usa,2024,Sql Injection,Banking,7.2,312607.0,Hacker Group,Zero-Day,Antivirus,24.0
Russia,2017,Phishing,Banking,94.15,963192.0,Hacker Group,Weak Passwords,Vpn,7.0
Australia,2022,Malware,Healthcare,42.15,680874.0,Unknown,Zero-Day,Antivirus,36.0
France,2018,Ddos,Government,15.71,904770.0,Hacker Group,Social Engineering,Antivirus,4.0
Usa,2022,Sql Injection,Government,98.46,429452.0,Hacker Group,Weak Passwords,Antivirus,6.0
Usa,2018,Ransomware,Healthcare,51.71,858128.0,Hacker Group,Social Engineering,Antivirus,36.0
China,2021,Malware,Education,42.26,615849.0,Nation-State,Unpatched Software,Encryption,44.0
Uk,2019,Phishing,Education,99.45,467349.0,Nation-State,Zero-Day,Firewall,44.0
France,2021,Sql Injection,Retail,63.74,235418.0,Unknown,Weak Passwords,Encryption,28.0
Australia,2017,Sql Injection,It,5.05,823606.0,Insider,Weak Passwords,Encryption,25.0
China,2020,Sql Injection,It,89.38,923489.0,Nation-State,Unpatched Software,Firewall,66.0
Usa,2024,Phishing,It,58.57,630793.0,Hacker Group,Social Engineering,Ai-Based Detection,64.0
France,2015,Sql Injection,Education,65.83,691903.0,Unknown,Zero-Day,Vpn,54.0
Uk,2019,Phishing,Government,79.79,133632.0,Hacker Group,Weak Passwords,Firewall,8.0
Australia,2017,Phishing,Banking,90.5,42278.0,Insider,Weak Passwords,Ai-Based Detection,45.0
Germany,2016,Phishing,It,2.1,176471.0,Unknown,Zero-Day,Vpn,9.0
India,2015,Sql Injection,Telecommunications,63.72,916516.0,Hacker Group,Social Engineering,Encryption,68.0
Japan,2023,Sql Injection,Government,87.8,510002.0,Hacker Group,Social Engineering,Firewall,62.0
Uk,2015,Malware,It,82.45,435994.0,Nation-State,Unpatched Software,Encryption,51.0
India,2016,Ransomware,It,66.19,537670.0,Hacker Group,Unpatched Software,Encryption,55.0
Russia,2022,Malware,Banking,39.62,850339.0,Hacker Group,Social Engineering,Firewall,36.0
Japan,2021,Ddos,Government,35.46,937562.0,Unknown,Zero-Day,Antivirus,10.0
France,2020,Malware,Government,10.62,405267.0,Nation-State,Unpatched Software,Ai-Based Detection,5.0
China,2022,Ddos,Government,80.76,346279.0,Unknown,Zero-Day,Encryption,59.0
Brazil,2016,Ddos,Telecommunications,10.45,889928.0,Nation-State,Zero-Day,Encryption,63.0
France,2022,Sql Injection,Healthcare,0.95,376206.0,Unknown,Unpatched Software,Antivirus,44.0
India,2018,Ransomware,It,27.14,227433.0,Unknown,Unpatched Software,Antivirus,13.0
Germany,2023,Ransomware,Healthcare,54.79,393779.0,Nation-State,Weak Passwords,Encryption,39.0
Russia,2022,Ransomware,It,41.08,529025.0,Insider,Unpatched Software,Ai-Based Detection,42.0
Brazil,2024,Man-In-The-Middle,Education,8.94,451311.0,Unknown,Weak Passwords,Encryption,14.0
India,2017,Ransomware,Education,98.11,677198.0,Unknown,Social Engineering,Vpn,28.0
Russia,2024,Man-In-The-Middle,Healthcare,9.4,480988.0,Nation-State,Unpatched Software,Encryption,59.0
Australia,2015,Ransomware,Telecommunications,46.39,605536.0,Nation-State,Unpatched Software,Vpn,61.0
Brazil,2018,Ransomware,Banking,30.61,910960.0,Unknown,Social Engineering,Antivirus,31.0
China,2018,Ransomware,Banking,43.98,386308.0,Nation-State,Weak Passwords,Antivirus,3.0
Australia,2017,Man-In-The-Middle,Banking,54.38,100855.0,Unknown,Social Engineering,Vpn,2.0
China,2023,Malware,Education,23.74,317922.0,Insider,Social Engineering,Antivirus,18.0
Usa,2018,Ddos,It,82.13,220618.0,Unknown,Weak Passwords,Firewall,59.0
India,2015,Ransomware,Telecommunications,24.7,825941.0,Hacker Group,Unpatched Software,Vpn,54.0
China,2022,Malware,Education,60.9,331234.0,Unknown,Social Engineering,Antivirus,3.0
China,2020,Man-In-The-Middle,Telecommunications,14.61,855055.0,Hacker Group,Unpatched Software,Antivirus,59.0
Japan,2022,Ddos,Telecommunications,34.31,305329.0,Unknown,Unpatched Software,Firewall,40.0
Japan,2020,Phishing,Government,32.39,442923.0,Nation-State,Social Engineering,Encryption,57.0
Uk,2015,Ransomware,Banking,79.3,893277.0,Unknown,Social Engineering,Firewall,15.0
China,2020,Malware,Healthcare,30.86,240532.0,Insider,Weak Passwords,Encryption,64.0
Usa,2016,Ddos,Healthcare,93.14,947960.0,Nation-State,Weak Passwords,Firewall,55.0
Brazil,2018,Malware,Healthcare,52.87,437283.0,Insider,Zero-Day,Antivirus,30.0
China,2019,Malware,Healthcare,29.61,761390.0,Insider,Weak Passwords,Antivirus,7.0
France,2019,Phishing,Retail,25.75,998507.0,Insider,Weak Passwords,Antivirus,15.0
India,2017,Ddos,Retail,82.17,593329.0,Hacker Group,Unpatched Software,Ai-Based Detection,62.0
Uk,2019,Phishing,Banking,60.07,197590.0,Insider,Zero-Day,Encryption,36.0
Japan,2017,Ransomware,Banking,50.75,53111.0,Hacker Group,Social Engineering,Antivirus,15.0
Australia,2017,Phishing,Retail,14.88,69641.0,Hacker Group,Unpatched Software,Firewall,54.0
Germany,2022,Ddos,It,73.98,953770.0,Insider,Weak Passwords,Firewall,54.0
Japan,2023,Sql Injection,Retail,42.33,505132.5,Nation-State,Weak Passwords,Vpn,20.0
Brazil,2022,Man-In-The-Middle,Education,77.98,899279.0,Insider,Zero-Day,Firewall,36.0
India,2016,Ransomware,Education,8.55,857887.0,Unknown,Social Engineering,Firewall,44.0
Russia,2016,Phishing,Government,30.57,503775.0,Unknown,Zero-Day,Vpn,71.0
Japan,2015,Sql Injection,It,36.98,452892.0,Unknown,Weak Passwords,Vpn,17.0
Russia,2018,Ransomware,Healthcare,24.06,327566.0,Unknown,Unpatched Software,Ai-Based Detection,6.0
Australia,2022,Ransomware,Education,50.66,851204.0,Insider,Zero-Day,Firewall,3.0
Uk,2017,Man-In-The-Middle,Government,79.27,923309.0,Hacker Group,Unpatched Software,Firewall,29.0
Brazil,2023,Phishing,Banking,71.86,151590.0,Nation-State,Zero-Day,Antivirus,30.0
Uk,2022,Ddos,Education,21.01,452432.0,Nation-State,Unpatched Software,Firewall,8.0
Japan,2015,Ransomware,Retail,95.38,769596.0,Nation-State,Weak Passwords,Vpn,65.0
Germany,2022,Phishing,Banking,14.79,407151.0,Unknown,Zero-Day,Antivirus,37.0
Brazil,2023,Phishing,It,45.97,312555.0,Unknown,Social Engineering,Ai-Based Detection,67.0
Brazil,2019,Man-In-The-Middle,Government,76.39,311908.0,Unknown,Weak Passwords,Encryption,68.0
China,2018,Malware,Banking,68.55,59979.0,Insider,Zero-Day,Firewall,41.0
Japan,2019,Malware,It,9.86,233545.0,Unknown,Zero-Day,Antivirus,55.0
France,2020,Man-In-The-Middle,Retail,89.85,722081.0,Hacker Group,Zero-Day,Vpn,33.0
Russia,2024,Sql Injection,Healthcare,76.99,873037.0,Nation-State,Unpatched Software,Antivirus,31.0
India,2022,Malware,It,12.08,482213.0,Nation-State,Social Engineering,Ai-Based Detection,3.0
India,2020,Phishing,Education,39.72,512850.0,Hacker Group,Zero-Day,Antivirus,15.0
China,2023,Man-In-The-Middle,Telecommunications,37.73,849834.0,Hacker Group,Zero-Day,Ai-Based Detection,56.0
Brazil,2022,Malware,Retail,50.99,660707.0,Insider,Unpatched Software,Firewall,11.0
Usa,2021,Ransomware,Education,6.77,697935.0,Unknown,Social Engineering,Ai-Based Detection,16.0
Russia,2019,Malware,It,71.92,500655.0,Nation-State,Zero-Day,Ai-Based Detection,8.0
Usa,2020,Ransomware,Banking,95.79,239343.0,Nation-State,Zero-Day,Vpn,63.0
China,2023,Phishing,Retail,90.04,143728.0,Unknown,Zero-Day,Ai-Based Detection,57.0
Usa,2020,Phishing,Retail,99.64,464717.0,Insider,Weak Passwords,Vpn,27.0
Russia,2018,Sql Injection,Education,1.25,351063.0,Nation-State,Weak Passwords,Firewall,56.0
Australia,2015,Ddos,Government,13.96,479025.0,Nation-State,Zero-Day,Antivirus,54.0
Germany,2021,Ddos,Banking,1.62,823004.0,Nation-State,Zero-Day,Encryption,22.0
Uk,2021,Ddos,Education,18.47,394957.0,Hacker Group,Weak Passwords,Antivirus,27.0
France,2019,Phishing,Telecommunications,50.99,96640.0,Unknown,Social Engineering,Antivirus,60.0
Russia,2024,Ddos,Education,19.5,325634.0,Insider,Weak Passwords,Firewall,5.0
France,2023,Sql Injection,Government,29.63,662667.0,Hacker Group,Zero-Day,Vpn,30.0
Usa,2024,Phishing,It,57.24,107681.0,Unknown,Zero-Day,Vpn,18.0
Russia,2017,Phishing,Banking,3.2,982243.0,Insider,Zero-Day,Encryption,6.0
Japan,2022,Sql Injection,Government,79.19,950425.0,Unknown,Social Engineering,Antivirus,54.0
Brazil,2017,Ransomware,Education,80.5,279808.0,Insider,Social Engineering,Antivirus,60.0
India,2024,Sql Injection,Telecommunications,71.2,190099.0,Unknown,Zero-Day,Ai-Based Detection,15.0
Brazil,2019,Malware,Banking,12.04,713035.0,Nation-State,Social Engineering,Ai-Based Detection,59.0
Australia,2016,Malware,Retail,29.05,817347.0,Nation-State,Zero-Day,Antivirus,68.0
Germany,2023,Ransomware,Healthcare,28.18,707214.0,Unknown,Weak Passwords,Ai-Based Detection,11.0
Uk,2016,Ddos,Retail,39.26,668780.0,Hacker Group,Zero-Day,Firewall,36.0
Russia,2015,Ddos,Telecommunications,57.21,609196.0,Unknown,Social Engineering,Vpn,4.0
Usa,2021,Man-In-The-Middle,Telecommunications,83.88,980367.0,Nation-State,Unpatched Software,Firewall,3.0
Russia,2022,Man-In-The-Middle,It,84.1,919858.0,Nation-State,Unpatched Software,Encryption,47.0
France,2017,Ddos,Healthcare,39.49,195459.0,Hacker Group,Weak Passwords,Encryption,14.0
Russia,2015,Man-In-The-Middle,Banking,46.76,713342.0,Unknown,Weak Passwords,Encryption,36.0
Uk,2019,Ddos,Banking,80.68,19007.0,Nation-State,Unpatched Software,Vpn,29.0
China,2022,Ransomware,Government,86.56,963091.0,Insider,Zero-Day,Vpn,37.0
Uk,2017,Malware,Government,66.25,726887.0,Hacker Group,Social Engineering,Firewall,36.0
Russia,2021,Ddos,It,78.76,130413.0,Unknown,Social Engineering,Encryption,66.0
Germany,2022,Malware,Banking,97.68,906914.0,Hacker Group,Zero-Day,Ai-Based Detection,15.0
China,2020,Ransomware,It,14.94,557218.0,Nation-State,Zero-Day,Firewall,70.0
Russia,2018,Sql Injection,Banking,59.29,380543.0,Unknown,Weak Passwords,Vpn,26.0
Uk,2022,Malware,Retail,39.55,337363.0,Insider,Social Engineering,Vpn,2.0
China,2018,Ddos,It,14.04,803086.0,Nation-State,Social Engineering,Vpn,23.0
China,2024,Man-In-The-Middle,It,63.79,195858.0,Hacker Group,Zero-Day,Encryption,1.0
India,2019,Malware,Banking,37.03,358371.0,Insider,Weak Passwords,Ai-Based Detection,30.0
Australia,2019,Phishing,Retail,9.12,212267.0,Insider,Zero-Day,Antivirus,14.0
France,2021,Man-In-The-Middle,Healthcare,52.04,757744.0,Nation-State,Zero-Day,Antivirus,43.0
Japan,2017,Ransomware,Retail,59.13,747705.0,Insider,Unpatched Software,Vpn,47.0
Usa,2024,Phishing,Telecommunications,64.67,996651.0,Hacker Group,Weak Passwords,Encryption,69.0
Uk,2015,Phishing,Government,52.78,281905.0,Insider,Social Engineering,Vpn,32.0
Brazil,2019,Man-In-The-Middle,Healthcare,7.44,739981.0,Unknown,Social Engineering,Antivirus,54.0
France,2016,Sql Injection,Telecommunications,47.19,554448.0,Hacker Group,Social Engineering,Antivirus,31.0
Usa,2016,Ransomware,Healthcare,99.19,745103.0,Insider,Unpatched Software,Encryption,8.0
India,2022,Ddos,Healthcare,10.94,600279.0,Insider,Unpatched Software,Ai-Based Detection,16.0
Russia,2016,Man-In-The-Middle,It,48.86,973654.0,Unknown,Unpatched Software,Antivirus,23.0
China,2016,Ddos,Telecommunications,80.48,78123.0,Hacker Group,Social Engineering,Antivirus,50.0
Uk,2015,Man-In-The-Middle,Government,69.96,675955.0,Insider,Zero-Day,Antivirus,60.0
China,2016,Ddos,It,18.96,122866.0,Insider,Unpatched Software,Vpn,46.0
Russia,2018,Ransomware,Education,66.33,177570.0,Nation-State,Social Engineering,Encryption,72.0
France,2024,Man-In-The-Middle,Retail,60.4,774913.0,Unknown,Unpatched Software,Antivirus,43.0
China,2024,Phishing,It,24.92,852327.0,Unknown,Zero-Day,Vpn,44.0
Australia,2022,Ddos,It,32.06,775033.0,Hacker Group,Zero-Day,Antivirus,8.0
China,2022,Phishing,Telecommunications,71.77,823093.0,Insider,Zero-Day,Firewall,36.0
France,2018,Phishing,Government,70.59,947445.0,Insider,Social Engineering,Encryption,59.0
Japan,2018,Ddos,It,75.34,972713.0,Unknown,Unpatched Software,Encryption,71.0
France,2023,Malware,Banking,9.99,116840.0,Unknown,Zero-Day,Firewall,51.0
Usa,2021,Ransomware,Telecommunications,91.94,710953.0,Unknown,Zero-Day,Firewall,9.0
Russia,2015,Ddos,It,66.09,467190.0,Nation-State,Social Engineering,Ai-Based Detection,25.0
Germany,2024,Phishing,Healthcare,66.73,540773.0,Unknown,Zero-Day,Vpn,15.0
Australia,2018,Sql Injection,Banking,40.11,874040.0,Unknown,Social Engineering,Firewall,6.0
Australia,2022,Phishing,Healthcare,60.71,8498.0,Nation-State,Weak Passwords,Vpn,17.0
Usa,2016,Ddos,It,18.48,112881.0,Hacker Group,Social Engineering,Vpn,32.0
Japan,2018,Ddos,It,9.9,942725.0,Insider,Zero-Day,Vpn,56.0
France,2024,Phishing,Education,52.03,168684.0,Nation-State,Unpatched Software,Vpn,36.0
Japan,2018,Ddos,Telecommunications,25.06,559274.0,Hacker Group,Social Engineering,Firewall,27.0
Uk,2016,Phishing,Retail,13.68,144856.0,Unknown,Unpatched Software,Antivirus,13.0
Japan,2015,Malware,Banking,2.63,418914.0,Nation-State,Unpatched Software,Firewall,53.0
Brazil,2024,Phishing,Retail,88.47,842945.0,Hacker Group,Weak Passwords,Firewall,67.0
Uk,2022,Phishing,Government,50.04,841198.0,Unknown,Zero-Day,Vpn,41.0
Germany,2024,Phishing,Government,19.52,50054.0,Insider,Unpatched Software,Antivirus,24.0
Brazil,2020,Ddos,Telecommunications,4.52,52302.0,Unknown,Social Engineering,Vpn,58.0
India,2015,Man-In-The-Middle,Banking,97.28,694308.0,Nation-State,Weak Passwords,Vpn,66.0
China,2019,Malware,Telecommunications,62.67,520232.0,Nation-State,Weak Passwords,Encryption,53.0
Germany,2018,Sql Injection,Retail,46.34,575379.0,Unknown,Zero-Day,Ai-Based Detection,35.0
Russia,2023,Man-In-The-Middle,It,26.45,850714.0,Hacker Group,Unpatched Software,Encryption,6.0
Germany,2023,Sql Injection,Healthcare,14.12,403325.0,Hacker Group,Weak Passwords,Ai-Based Detection,35.0
Brazil,2022,Phishing,Education,80.99,345577.0,Insider,Unpatched Software,Encryption,4.0
Australia,2017,Man-In-The-Middle,It,30.51,428352.0,Hacker Group,Unpatched Software,Firewall,41.0
Brazil,2023,Phishing,Banking,69.45,852592.0,Nation-State,Zero-Day,Ai-Based Detection,12.0
Usa,2019,Sql Injection,Education,78.12,36804.0,Unknown,Weak Passwords,Vpn,30.0
Brazil,2020,Phishing,Telecommunications,92.63,725707.0,Hacker Group,Weak Passwords,Ai-Based Detection,9.0
Australia,2017,Man-In-The-Middle,Telecommunications,35.27,765929.0,Nation-State,Weak Passwords,Firewall,16.0
Russia,2017,Man-In-The-Middle,Retail,50.99,242574.0,Nation-State,Social Engineering,Encryption,59.0
Usa,2021,Sql Injection,Education,45.52,838652.0,Unknown,Social Engineering,Encryption,20.0
Japan,2018,Ddos,Telecommunications,99.04,389405.0,Nation-State,Weak Passwords,Antivirus,53.0
Russia,2022,Phishing,Telecommunications,56.44,359577.0,Unknown,Zero-Day,Encryption,38.0
India,2022,Man-In-The-Middle,Telecommunications,73.24,943689.0,Insider,Zero-Day,Firewall,32.0
Brazil,2024,Sql Injection,Education,14.69,783795.0,Insider,Weak Passwords,Ai-Based Detection,43.0
Germany,2017,Ddos,Healthcare,72.05,263506.0,Insider,Zero-Day,Encryption,49.0
Australia,2020,Ddos,Telecommunications,20.59,457184.0,Insider,Social Engineering,Vpn,11.0
India,2019,Sql Injection,Banking,68.44,186842.0,Nation-State,Zero-Day,Vpn,40.0
Uk,2018,Ddos,Banking,8.81,198929.0,Nation-State,Weak Passwords,Ai-Based Detection,41.0
Japan,2018,Sql Injection,Retail,51.58,65700.0,Hacker Group,Zero-Day,Antivirus,28.0
Brazil,2021,Phishing,Telecommunications,83.79,90156.0,Hacker Group,Unpatched Software,Antivirus,65.0
Australia,2015,Ddos,Telecommunications,14.55,470471.0,Nation-State,Unpatched Software,Vpn,53.0
China,2021,Malware,Retail,20.52,33426.0,Unknown,Social Engineering,Antivirus,16.0
Russia,2024,Malware,Education,83.29,143037.0,Insider,Unpatched Software,Firewall,47.0
Germany,2022,Ransomware,Telecommunications,79.77,151930.0,Unknown,Zero-Day,Encryption,4.0
China,2018,Malware,Education,97.2,499651.0,Nation-State,Zero-Day,Encryption,50.0
Brazil,2017,Ddos,Education,41.63,249211.0,Insider,Zero-Day,Ai-Based Detection,59.0
Germany,2024,Sql Injection,It,1.01,470074.0,Insider,Weak Passwords,Encryption,9.0
Japan,2015,Phishing,Banking,87.5,429920.0,Nation-State,Zero-Day,Encryption,37.0
Australia,2019,Sql Injection,Healthcare,0.75,269314.0,Unknown,Social Engineering,Vpn,64.0
Uk,2019,Man-In-The-Middle,Healthcare,37.16,696199.0,Nation-State,Weak Passwords,Encryption,42.0
Russia,2020,Phishing,Banking,98.38,355505.0,Nation-State,Unpatched Software,Ai-Based Detection,35.0
Australia,2023,Ddos,It,55.94,890234.0,Nation-State,Unpatched Software,Vpn,53.0
Brazil,2019,Ransomware,Telecommunications,23.63,581616.0,Insider,Social Engineering,Encryption,1.0
China,2022,Sql Injection,It,39.44,155768.0,Nation-State,Social Engineering,Ai-Based Detection,19.0
Australia,2024,Malware,Telecommunications,83.69,824298.0,Nation-State,Unpatched Software,Firewall,4.0
Uk,2018,Malware,Government,28.88,212533.0,Insider,Unpatched Software,Antivirus,71.0
Brazil,2019,Ransomware,Banking,10.1,47737.0,Unknown,Social Engineering,Encryption,69.0
Brazil,2018,Man-In-The-Middle,It,47.01,940513.0,Unknown,Unpatched Software,Encryption,10.0
Russia,2021,Man-In-The-Middle,Banking,18.66,292992.0,Insider,Zero-Day,Encryption,36.0
Germany,2024,Malware,Telecommunications,79.72,639779.0,Nation-State,Zero-Day,Antivirus,6.0
Australia,2019,Ddos,Banking,29.85,949862.0,Hacker Group,Weak Passwords,Firewall,25.0
Usa,2021,Phishing,Healthcare,0.92,260396.0,Hacker Group,Zero-Day,Antivirus,16.0
Australia,2024,Phishing,It,92.48,215376.0,Nation-State,Social Engineering,Firewall,18.0
France,2016,Ddos,Telecommunications,20.09,689397.0,Insider,Social Engineering,Ai-Based Detection,68.0
Brazil,2016,Sql Injection,Education,16.24,238092.0,Nation-State,Zero-Day,Ai-Based Detection,32.0
India,2019,Phishing,Banking,18.42,289539.0,Nation-State,Unpatched Software,Antivirus,27.0
Russia,2020,Ddos,Healthcare,49.02,382327.0,Insider,Zero-Day,Vpn,30.0
Australia,2018,Phishing,Government,12.43,605810.0,Unknown,Zero-Day,Firewall,41.0
Australia,2019,Ddos,Banking,1.27,588345.0,Insider,Unpatched Software,Firewall,49.0
Uk,2019,Phishing,Government,21.58,831367.0,Insider,Social Engineering,Antivirus,55.0
Brazil,2019,Man-In-The-Middle,Banking,14.64,880671.0,Hacker Group,Social Engineering,Firewall,66.0
France,2023,Ddos,Retail,92.32,418211.0,Insider,Unpatched Software,Encryption,39.0
France,2022,Man-In-The-Middle,Banking,31.4,264380.0,Insider,Zero-Day,Vpn,37.0
Brazil,2017,Phishing,Banking,9.25,437974.0,Hacker Group,Zero-Day,Encryption,20.0
India,2021,Phishing,Banking,37.1,713949.0,Hacker Group,Unpatched Software,Antivirus,71.0
Usa,2022,Sql Injection,It,8.5,523164.0,Hacker Group,Weak Passwords,Ai-Based Detection,30.0
Uk,2015,Ddos,Telecommunications,85.23,193852.0,Insider,Zero-Day,Vpn,54.0
Uk,2024,Ddos,Retail,14.09,655640.0,Nation-State,Zero-Day,Firewall,61.0
France,2021,Phishing,It,76.02,573328.0,Insider,Zero-Day,Ai-Based Detection,36.0
Uk,2019,Malware,Government,46.27,798717.0,Hacker Group,Social Engineering,Encryption,10.0
Brazil,2019,Ddos,Telecommunications,50.99,899413.0,Nation-State,Weak Passwords,Encryption,11.0
France,2017,Sql Injection,Banking,18.75,436009.0,Nation-State,Zero-Day,Ai-Based Detection,44.0
Uk,2020,Sql Injection,Retail,56.3,142291.0,Nation-State,Weak Passwords,Vpn,29.0
Germany,2019,Man-In-The-Middle,Government,64.8,276197.0,Unknown,Zero-Day,Firewall,2.0
Russia,2020,Ransomware,It,33.61,807918.0,Unknown,Social Engineering,Antivirus,37.0
France,2021,Phishing,Telecommunications,90.99,483484.0,Hacker Group,Unpatched Software,Vpn,2.0
Russia,2015,Ransomware,It,41.79,7290.0,Insider,Weak Passwords,Ai-Based Detection,32.0
India,2022,Ddos,It,38.69,333967.0,Insider,Zero-Day,Firewall,36.0
China,2020,Man-In-The-Middle,Education,84.4,840118.0,Hacker Group,Zero-Day,Encryption,58.0
Usa,2024,Malware,Healthcare,69.46,187312.0,Nation-State,Zero-Day,Vpn,58.0
Brazil,2024,Ddos,It,34.46,470727.0,Unknown,Weak Passwords,Firewall,36.0
India,2023,Malware,Education,95.97,629490.0,Hacker Group,Zero-Day,Vpn,38.0
France,2021,Sql Injection,Government,98.76,904598.0,Hacker Group,Social Engineering,Ai-Based Detection,11.0
Usa,2017,Ransomware,Education,12.59,820632.0,Unknown,Social Engineering,Ai-Based Detection,65.0
Japan,2019,Ddos,Retail,78.78,214152.0,Insider,Weak Passwords,Firewall,7.0
Australia,2024,Ddos,Banking,21.11,18766.0,Insider,Weak Passwords,Firewall,43.0
France,2020,Malware,Banking,50.19,760230.0,Nation-State,Zero-Day,Vpn,56.0
India,2021,Ransomware,Healthcare,76.83,603402.0,Insider,Zero-Day,Ai-Based Detection,57.0
France,2020,Man-In-The-Middle,Healthcare,17.49,693907.0,Hacker Group,Zero-Day,Ai-Based Detection,54.0
Brazil,2017,Sql Injection,Banking,66.78,698892.0,Unknown,Zero-Day,Ai-Based Detection,24.0
Uk,2015,Phishing,It,24.17,64082.0,Unknown,Social Engineering,Antivirus,16.0
Usa,2022,Ransomware,It,38.84,687052.0,Nation-State,Unpatched Software,Encryption,34.0
Russia,2018,Phishing,Government,14.98,417488.0,Hacker Group,Weak Passwords,Encryption,23.0
Germany,2020,Phishing,Telecommunications,15.14,970038.0,Nation-State,Zero-Day,Firewall,47.0
Japan,2016,Sql Injection,Government,10.4,240441.0,Unknown,Zero-Day,Antivirus,17.0
India,2020,Man-In-The-Middle,Banking,59.67,747418.0,Insider,Unpatched Software,Vpn,20.0
Japan,2019,Malware,Retail,36.66,977185.0,Insider,Social Engineering,Antivirus,71.0
India,2019,Malware,Retail,58.98,505132.5,Unknown,Zero-Day,Firewall,20.0
Germany,2022,Ransomware,Retail,19.47,496271.0,Hacker Group,Unpatched Software,Ai-Based Detection,20.0
France,2015,Phishing,Banking,64.62,104619.0,Insider,Unpatched Software,Antivirus,36.0
Russia,2024,Ransomware,Healthcare,98.25,877571.0,Insider,Weak Passwords,Antivirus,19.0
Japan,2020,Ransomware,Healthcare,41.88,93314.0,Hacker Group,Unpatched Software,Vpn,24.0
Brazil,2020,Ddos,Government,13.22,790415.0,Hacker Group,Zero-Day,Encryption,52.0
Germany,2020,Ransomware,It,54.65,107180.0,Nation-State,Zero-Day,Antivirus,68.0
Japan,2018,Phishing,It,72.01,401960.0,Nation-State,Unpatched Software,Vpn,44.0
Usa,2020,Ransomware,Telecommunications,93.89,602474.0,Unknown,Social Engineering,Vpn,71.0
Australia,2024,Phishing,Education,18.64,701144.0,Hacker Group,Unpatched Software,Antivirus,41.0
Uk,2024,Malware,Education,64.05,116714.0,Insider,Social Engineering,Encryption,37.0
France,2016,Man-In-The-Middle,It,41.79,453408.0,Nation-State,Social Engineering,Vpn,8.0
Uk,2022,Phishing,Retail,13.37,40843.0,Unknown,Weak Passwords,Encryption,66.0
Australia,2015,Man-In-The-Middle,Healthcare,1.62,336650.0,Hacker Group,Zero-Day,Vpn,35.0
China,2017,Phishing,Healthcare,92.64,911233.0,Unknown,Weak Passwords,Antivirus,18.0
Brazil,2023,Ransomware,Telecommunications,32.18,812908.0,Hacker Group,Zero-Day,Antivirus,12.0
China,2019,Sql Injection,Education,64.26,796878.0,Nation-State,Zero-Day,Antivirus,26.0
Japan,2023,Man-In-The-Middle,Government,81.57,738014.0,Unknown,Social Engineering,Antivirus,24.0
Usa,2021,Ddos,Education,87.32,315915.0,Nation-State,Social Engineering,Antivirus,36.0
China,2022,Ransomware,Education,70.44,164734.0,Nation-State,Unpatched Software,Firewall,7.0
India,2024,Man-In-The-Middle,It,1.75,617939.0,Unknown,Zero-Day,Firewall,22.0
Germany,2021,Phishing,Healthcare,96.81,374164.0,Hacker Group,Weak Passwords,Antivirus,53.0
Usa,2020,Phishing,Banking,74.51,332766.0,Hacker Group,Weak Passwords,Antivirus,53.0
Brazil,2018,Phishing,Healthcare,2.52,414899.0,Unknown,Weak Passwords,Encryption,37.0
Brazil,2017,Ddos,Retail,81.63,140371.0,Hacker Group,Zero-Day,Encryption,13.0
Australia,2019,Ransomware,Banking,43.53,729109.0,Insider,Weak Passwords,Vpn,22.0
Uk,2020,Ddos,Education,84.28,776200.0,Unknown,Weak Passwords,Encryption,49.0
Russia,2019,Phishing,Healthcare,17.6,839921.0,Unknown,Zero-Day,Antivirus,5.0
France,2019,Malware,Education,50.99,312314.0,Unknown,Social Engineering,Ai-Based Detection,35.0
Australia,2024,Man-In-The-Middle,Healthcare,65.72,299613.0,Hacker Group,Zero-Day,Firewall,20.0
India,2016,Phishing,Banking,43.81,250482.0,Insider,Weak Passwords,Vpn,20.0
Brazil,2021,Ddos,Banking,84.41,230110.0,Unknown,Social Engineering,Antivirus,51.0
Australia,2015,Sql Injection,Retail,55.78,852650.0,Nation-State,Social Engineering,Ai-Based Detection,50.0
Germany,2024,Ddos,Telecommunications,67.47,337890.0,Unknown,Weak Passwords,Antivirus,35.0
Japan,2016,Malware,Education,8.08,557108.0,Nation-State,Zero-Day,Firewall,17.0
Australia,2022,Ddos,Telecommunications,46.2,505132.5,Insider,Zero-Day,Antivirus,46.0
China,2022,Phishing,Banking,72.06,459296.0,Nation-State,Weak Passwords,Ai-Based Detection,13.0
India,2019,Ransomware,Telecommunications,90.48,46972.0,Nation-State,Social Engineering,Antivirus,23.0
Uk,2022,Malware,Healthcare,21.26,602041.0,Hacker Group,Unpatched Software,Ai-Based Detection,25.0
Japan,2016,Phishing,Banking,82.93,36797.0,Insider,Zero-Day,Vpn,2.0
China,2021,Sql Injection,Healthcare,23.15,730762.0,Insider,Social Engineering,Vpn,19.0
Russia,2016,Malware,Government,66.19,91194.0,Hacker Group,Unpatched Software,Encryption,72.0
India,2015,Sql Injection,Banking,95.81,42883.0,Unknown,Zero-Day,Encryption,36.0
Uk,2024,Sql Injection,Retail,48.33,422592.0,Unknown,Unpatched Software,Vpn,37.0
India,2022,Man-In-The-Middle,Healthcare,29.54,837320.0,Unknown,Social Engineering,Vpn,14.0
Usa,2020,Phishing,Banking,44.08,708034.0,Unknown,Zero-Day,Ai-Based Detection,39.0
Japan,2024,Phishing,It,91.71,47841.0,Hacker Group,Weak Passwords,Antivirus,23.0
Japan,2015,Sql Injection,Banking,73.94,274703.0,Nation-State,Social Engineering,Encryption,6.0
Australia,2021,Malware,Healthcare,10.35,776819.0,Insider,Unpatched Software,Vpn,64.0
Germany,2019,Man-In-The-Middle,It,89.6,544648.0,Unknown,Weak Passwords,Antivirus,47.0
China,2024,Man-In-The-Middle,Government,11.99,735203.0,Unknown,Zero-Day,Vpn,66.0
India,2018,Sql Injection,Banking,77.02,424342.0,Unknown,Social Engineering,Antivirus,57.0
Russia,2018,Malware,Retail,78.82,155353.0,Unknown,Weak Passwords,Vpn,67.0
Germany,2020,Ddos,Banking,64.64,735855.0,Insider,Unpatched Software,Firewall,23.0
France,2016,Man-In-The-Middle,It,11.91,765453.0,Unknown,Social Engineering,Antivirus,39.0
Japan,2024,Sql Injection,Education,82.52,788243.0,Insider,Social Engineering,Vpn,38.0
Germany,2017,Phishing,Banking,69.85,253058.0,Hacker Group,Social Engineering,Encryption,44.0
Australia,2022,Phishing,Healthcare,80.11,537530.0,Nation-State,Zero-Day,Encryption,14.0
China,2022,Sql Injection,Banking,2.46,95779.0,Unknown,Zero-Day,Vpn,43.0
France,2024,Phishing,Healthcare,59.79,906160.0,Unknown,Zero-Day,Vpn,48.0
Russia,2019,Ransomware,Education,11.06,490910.0,Insider,Zero-Day,Ai-Based Detection,58.0
Uk,2020,Sql Injection,Banking,73.69,522097.0,Hacker Group,Weak Passwords,Vpn,63.0
Germany,2016,Man-In-The-Middle,Banking,53.57,218143.0,Nation-State,Unpatched Software,Encryption,27.0
Germany,2018,Malware,It,30.2,667023.0,Unknown,Zero-Day,Antivirus,26.0
Australia,2023,Malware,Education,67.23,362308.0,Unknown,Social Engineering,Antivirus,5.0
Russia,2022,Ddos,It,86.81,717258.0,Insider,Zero-Day,Firewall,16.0
Brazil,2018,Man-In-The-Middle,Retail,76.39,984.0,Insider,Zero-Day,Firewall,56.0
Russia,2023,Ddos,Telecommunications,96.61,956064.0,Insider,Weak Passwords,Antivirus,45.0
Australia,2024,Malware,Retail,64.3,891367.0,Nation-State,Social Engineering,Firewall,21.0
China,2019,Man-In-The-Middle,It,79.33,842637.0,Nation-State,Unpatched Software,Ai-Based Detection,55.0
Usa,2015,Ddos,It,45.91,772018.0,Hacker Group,Weak Passwords,Encryption,46.0
Australia,2022,Malware,It,41.67,945897.0,Insider,Zero-Day,Firewall,66.0
Germany,2018,Sql Injection,Banking,81.33,508544.0,Insider,Unpatched Software,Vpn,45.0
Australia,2021,Ransomware,Banking,91.8,125309.0,Unknown,Social Engineering,Antivirus,13.0
Uk,2024,Man-In-The-Middle,It,3.69,529410.0,Insider,Zero-Day,Firewall,59.0
Australia,2018,Phishing,Education,24.25,665381.0,Insider,Unpatched Software,Ai-Based Detection,61.0
Japan,2019,Man-In-The-Middle,Telecommunications,89.5,163110.0,Nation-State,Zero-Day,Encryption,35.0
Russia,2019,Ransomware,It,60.24,354784.0,Hacker Group,Social Engineering,Ai-Based Detection,36.0
Germany,2022,Ransomware,Education,7.65,643306.0,Hacker Group,Zero-Day,Encryption,50.0
Australia,2016,Malware,Telecommunications,44.93,23249.0,Insider,Social Engineering,Firewall,1.0
Usa,2015,Sql Injection,Retail,26.98,763017.0,Insider,Social Engineering,Antivirus,24.0
Russia,2015,Ransomware,Retail,84.08,71334.0,Unknown,Unpatched Software,Ai-Based Detection,26.0
Australia,2019,Sql Injection,Government,99.2,605470.0,Nation-State,Unpatched Software,Encryption,18.0
India,2023,Sql Injection,Government,40.63,356387.0,Nation-State,Zero-Day,Antivirus,11.0
China,2023,Malware,It,11.89,260907.0,Insider,Weak Passwords,Ai-Based Detection,31.0
Japan,2019,Man-In-The-Middle,It,73.71,560693.0,Hacker Group,Weak Passwords,Firewall,1.0
Brazil,2015,Phishing,It,16.44,82841.0,Insider,Social Engineering,Encryption,36.0
Russia,2021,Malware,Government,51.05,262500.0,Nation-State,Social Engineering,Ai-Based Detection,27.0
Uk,2023,Malware,It,49.13,116201.0,Nation-State,Zero-Day,Firewall,14.0
China,2016,Phishing,It,17.06,505132.5,Unknown,Weak Passwords,Vpn,67.0
France,2017,Ransomware,It,93.15,372975.0,Hacker Group,Weak Passwords,Firewall,64.0
France,2018,Ddos,Government,66.4,613192.0,Insider,Weak Passwords,Vpn,50.0
India,2017,Sql Injection,Government,20.21,421023.0,Insider,Unpatched Software,Encryption,36.0
India,2015,Ransomware,Healthcare,1.48,818172.0,Unknown,Social Engineering,Vpn,30.0
Russia,2018,Ransomware,Education,22.77,828880.0,Hacker Group,Unpatched Software,Antivirus,69.0
Germany,2017,Man-In-The-Middle,Government,56.15,487668.0,Hacker Group,Zero-Day,Ai-Based Detection,72.0
France,2020,Ransomware,Telecommunications,10.52,253094.0,Hacker Group,Unpatched Software,Vpn,19.0
China,2015,Sql Injection,Telecommunications,34.84,712886.0,Hacker Group,Weak Passwords,Antivirus,7.0
China,2019,Phishing,It,5.05,65176.0,Unknown,Weak Passwords,Encryption,49.0
Germany,2020,Sql Injection,It,54.59,248356.0,Nation-State,Weak Passwords,Ai-Based Detection,25.0
China,2020,Ddos,Education,52.36,499615.0,Hacker Group,Unpatched Software,Antivirus,19.0
Russia,2016,Man-In-The-Middle,Telecommunications,10.2,446917.0,Unknown,Unpatched Software,Firewall,36.0
Usa,2023,Sql Injection,Banking,77.96,164892.0,Insider,Weak Passwords,Firewall,63.0
Uk,2022,Sql Injection,Banking,61.97,627852.0,Nation-State,Unpatched Software,Vpn,23.0
Uk,2016,Ddos,Banking,61.15,219846.0,Insider,Zero-Day,Ai-Based Detection,13.0
Australia,2024,Malware,Education,83.04,862049.0,Insider,Unpatched Software,Antivirus,43.0
Usa,2015,Man-In-The-Middle,Education,50.99,505132.5,Nation-State,Zero-Day,Encryption,28.0
India,2022,Malware,Government,27.09,979810.0,Insider,Weak Passwords,Vpn,34.0
Germany,2015,Sql Injection,Government,0.72,944106.0,Insider,Unpatched Software,Vpn,2.0
Russia,2023,Phishing,Banking,9.24,612761.0,Unknown,Unpatched Software,Encryption,71.0
Australia,2018,Malware,Telecommunications,8.69,813960.0,Hacker Group,Weak Passwords,Vpn,6.0
Germany,2021,Ddos,Healthcare,32.07,510895.0,Unknown,Weak Passwords,Antivirus,6.0
India,2023,Malware,Healthcare,71.94,652957.0,Insider,Weak Passwords,Encryption,65.0
Japan,2022,Ransomware,It,84.09,991854.0,Unknown,Unpatched Software,Vpn,11.0
India,2018,Ransomware,Retail,56.06,382041.0,Unknown,Weak Passwords,Encryption,4.0
Usa,2015,Man-In-The-Middle,Government,47.76,428556.0,Unknown,Weak Passwords,Antivirus,15.0
Uk,2019,Sql Injection,Banking,79.34,455556.0,Insider,Social Engineering,Firewall,1.0
Australia,2022,Ransomware,Healthcare,17.58,18399.0,Unknown,Zero-Day,Firewall,14.0
Germany,2016,Man-In-The-Middle,Government,97.79,984519.0,Nation-State,Zero-Day,Firewall,57.0
Brazil,2021,Ddos,Retail,75.1,740795.0,Hacker Group,Unpatched Software,Firewall,12.0
Uk,2019,Sql Injection,Telecommunications,50.99,483585.0,Unknown,Unpatched Software,Encryption,13.0
Brazil,2021,Ransomware,Healthcare,78.08,989151.0,Unknown,Social Engineering,Ai-Based Detection,2.0
Germany,2016,Sql Injection,Government,63.89,946613.0,Insider,Social Engineering,Ai-Based Detection,21.0
Australia,2021,Ransomware,Banking,24.33,77845.0,Insider,Social Engineering,Ai-Based Detection,26.0
India,2020,Phishing,It,50.99,403494.0,Hacker Group,Social Engineering,Firewall,3.0
Germany,2018,Man-In-The-Middle,Banking,23.32,524693.0,Unknown,Unpatched Software,Vpn,63.0
Uk,2016,Phishing,Education,9.84,628589.0,Unknown,Unpatched Software,Encryption,8.0
Australia,2018,Man-In-The-Middle,Healthcare,34.29,943349.0,Nation-State,Zero-Day,Antivirus,5.0
Brazil,2018,Ddos,Retail,50.99,100633.0,Insider,Zero-Day,Encryption,53.0
France,2017,Phishing,Government,59.64,551515.0,Unknown,Zero-Day,Ai-Based Detection,37.0
Germany,2023,Man-In-The-Middle,Banking,80.97,289046.0,Nation-State,Zero-Day,Encryption,41.0
Australia,2021,Malware,Retail,22.48,70067.0,Insider,Weak Passwords,Vpn,22.0
France,2022,Phishing,Banking,69.99,366596.0,Insider,Weak Passwords,Ai-Based Detection,65.0
Japan,2021,Sql Injection,It,51.24,452476.0,Nation-State,Zero-Day,Vpn,41.0
Japan,2020,Sql Injection,Banking,70.14,575065.0,Insider,Weak Passwords,Encryption,61.0
Japan,2024,Man-In-The-Middle,Education,68.35,474131.0,Insider,Unpatched Software,Firewall,41.0
Usa,2016,Phishing,Education,86.3,702702.0,Hacker Group,Zero-Day,Encryption,14.0
Australia,2023,Ddos,Government,97.18,692900.0,Unknown,Social Engineering,Encryption,72.0
Brazil,2021,Sql Injection,It,92.4,654303.0,Hacker Group,Unpatched Software,Ai-Based Detection,15.0
Russia,2022,Ransomware,Banking,50.11,851222.0,Insider,Weak Passwords,Encryption,16.0
Australia,2016,Man-In-The-Middle,Government,35.59,505132.5,Insider,Social Engineering,Vpn,6.0
Usa,2022,Ddos,Healthcare,56.89,388698.0,Nation-State,Social Engineering,Vpn,35.0
Australia,2019,Sql Injection,Telecommunications,86.79,293647.0,Nation-State,Social Engineering,Ai-Based Detection,37.0
China,2021,Phishing,Banking,84.49,884734.0,Hacker Group,Weak Passwords,Encryption,6.0
Uk,2023,Ddos,It,52.75,638329.0,Hacker Group,Social Engineering,Antivirus,11.0
India,2019,Ddos,Government,63.63,47191.0,Insider,Unpatched Software,Vpn,28.0
Brazil,2023,Phishing,Retail,42.69,309021.0,Unknown,Unpatched Software,Encryption,2.0
Germany,2018,Ddos,Telecommunications,15.14,834902.0,Nation-State,Weak Passwords,Firewall,63.0
France,2016,Ddos,Banking,25.81,132286.0,Insider,Unpatched Software,Antivirus,66.0
France,2023,Sql Injection,Banking,46.58,659062.0,Unknown,Unpatched Software,Antivirus,42.0
France,2020,Malware,Telecommunications,93.88,69492.0,Hacker Group,Social Engineering,Encryption,29.0
Russia,2017,Phishing,It,53.07,388154.0,Nation-State,Zero-Day,Ai-Based Detection,29.0
Brazil,2024,Ddos,Government,24.23,889448.0,Hacker Group,Zero-Day,Vpn,20.0
Uk,2022,Phishing,Retail,49.08,445458.0,Hacker Group,Unpatched Software,Antivirus,36.0
Uk,2019,Phishing,Banking,84.5,828382.0,Hacker Group,Weak Passwords,Ai-Based Detection,4.0
Russia,2024,Sql Injection,Education,99.31,362492.0,Insider,Weak Passwords,Ai-Based Detection,63.0
Japan,2021,Man-In-The-Middle,Healthcare,55.4,68886.0,Hacker Group,Weak Passwords,Ai-Based Detection,36.0
Japan,2017,Ddos,Education,7.84,165722.0,Unknown,Unpatched Software,Encryption,23.0
India,2020,Sql Injection,Government,99.72,604113.0,Insider,Weak Passwords,Encryption,7.0
France,2022,Man-In-The-Middle,Healthcare,39.48,450466.0,Unknown,Unpatched Software,Vpn,52.0
Australia,2019,Phishing,Banking,1.13,507976.0,Hacker Group,Zero-Day,Ai-Based Detection,70.0
India,2018,Ddos,Banking,43.45,180980.0,Hacker Group,Unpatched Software,Ai-Based Detection,15.0
France,2020,Ransomware,Healthcare,37.36,745273.0,Insider,Zero-Day,Firewall,67.0
Germany,2023,Sql Injection,Telecommunications,94.14,536737.0,Unknown,Unpatched Software,Encryption,44.0
Germany,2020,Sql Injection,Banking,65.24,202102.0,Insider,Unpatched Software,Antivirus,54.0
Brazil,2021,Ddos,Education,80.79,134998.0,Unknown,Zero-Day,Ai-Based Detection,42.0
India,2015,Ransomware,Banking,81.81,41635.0,Nation-State,Unpatched Software,Encryption,37.0
Japan,2022,Phishing,Telecommunications,35.54,604908.0,Unknown,Zero-Day,Antivirus,36.0
France,2020,Man-In-The-Middle,It,88.42,688016.0,Nation-State,Zero-Day,Antivirus,26.0
Brazil,2020,Ransomware,It,56.59,679131.0,Hacker Group,Weak Passwords,Ai-Based Detection,55.0
India,2015,Ddos,Retail,39.28,585934.0,Insider,Unpatched Software,Antivirus,13.0
Usa,2023,Man-In-The-Middle,It,88.81,762605.0,Nation-State,Unpatched Software,Encryption,53.0
Uk,2021,Malware,Healthcare,58.9,984973.0,Unknown,Zero-Day,Encryption,30.0
Russia,2020,Phishing,Education,9.52,889970.0,Nation-State,Unpatched Software,Vpn,20.0
Usa,2020,Phishing,Healthcare,39.92,376443.0,Insider,Zero-Day,Antivirus,20.0
Uk,2023,Phishing,Banking,28.54,699386.0,Nation-State,Weak Passwords,Antivirus,20.0
Russia,2020,Man-In-The-Middle,Retail,74.11,158758.0,Nation-State,Zero-Day,Antivirus,36.0
China,2021,Man-In-The-Middle,Banking,85.26,812101.0,Unknown,Social Engineering,Vpn,52.0
Uk,2020,Phishing,Telecommunications,43.72,402744.0,Insider,Zero-Day,Ai-Based Detection,65.0
Japan,2022,Malware,Healthcare,77.01,182338.0,Unknown,Social Engineering,Firewall,72.0
Germany,2017,Man-In-The-Middle,Banking,88.03,587213.0,Unknown,Weak Passwords,Ai-Based Detection,32.0
France,2024,Ddos,Government,86.65,419571.0,Nation-State,Zero-Day,Ai-Based Detection,72.0
Germany,2017,Sql Injection,It,33.79,772541.0,Nation-State,Unpatched Software,Antivirus,46.0
Germany,2020,Sql Injection,Retail,76.04,759384.0,Nation-State,Unpatched Software,Ai-Based Detection,22.0
China,2015,Ransomware,Government,57.59,887037.0,Insider,Unpatched Software,Vpn,39.0
China,2016,Ransomware,It,37.22,788555.0,Insider,Unpatched Software,Encryption,43.0
India,2020,Man-In-The-Middle,Telecommunications,50.99,438137.0,Unknown,Unpatched Software,Vpn,18.0
Australia,2024,Ransomware,Government,3.37,414907.0,Hacker Group,Zero-Day,Firewall,42.0
Australia,2021,Phishing,Telecommunications,88.2,576302.0,Hacker Group,Zero-Day,Ai-Based Detection,2.0
Usa,2020,Ddos,It,96.08,156275.0,Insider,Social Engineering,Encryption,24.0
Japan,2024,Ddos,Government,84.36,234154.0,Nation-State,Unpatched Software,Vpn,42.0
Brazil,2022,Phishing,It,92.58,176386.0,Hacker Group,Unpatched Software,Vpn,63.0
Japan,2015,Malware,Healthcare,27.92,775042.0,Unknown,Zero-Day,Encryption,12.0
Germany,2016,Phishing,Telecommunications,46.28,992092.0,Hacker Group,Unpatched Software,Encryption,3.0
France,2016,Ransomware,Education,25.55,883536.0,Hacker Group,Unpatched Software,Ai-Based Detection,66.0
France,2017,Phishing,Banking,15.14,276541.0,Hacker Group,Social Engineering,Ai-Based Detection,16.0
India,2022,Phishing,Telecommunications,50.64,513620.0,Unknown,Unpatched Software,Antivirus,65.0
Germany,2022,Phishing,Banking,31.73,397919.0,Nation-State,Social Engineering,Encryption,22.0
Russia,2021,Phishing,Telecommunications,73.93,32743.0,Hacker Group,Zero-Day,Vpn,36.0
Germany,2020,Phishing,Government,40.62,318648.0,Insider,Zero-Day,Encryption,1.0
Usa,2022,Ransomware,Education,14.5,353297.0,Insider,Weak Passwords,Vpn,58.0
Russia,2017,Malware,It,20.85,484009.0,Insider,Weak Passwords,Firewall,41.0
Russia,2024,Malware,Government,49.51,872411.0,Hacker Group,Zero-Day,Firewall,5.0
Germany,2023,Man-In-The-Middle,Education,26.14,876348.0,Unknown,Social Engineering,Encryption,1.0
China,2021,Sql Injection,Government,13.76,11310.0,Hacker Group,Weak Passwords,Antivirus,71.0
Uk,2018,Sql Injection,Retail,72.21,597358.0,Unknown,Zero-Day,Vpn,30.0
India,2022,Sql Injection,Healthcare,91.91,180456.0,Unknown,Unpatched Software,Vpn,8.0
Russia,2021,Ddos,Retail,79.06,368255.0,Nation-State,Zero-Day,Encryption,17.0
India,2022,Malware,Education,7.17,268414.0,Insider,Unpatched Software,Encryption,9.0
Uk,2019,Sql Injection,Healthcare,79.28,891504.0,Insider,Zero-Day,Firewall,63.0
Japan,2023,Phishing,Healthcare,48.25,3395.0,Nation-State,Weak Passwords,Antivirus,58.0
China,2023,Ransomware,Education,45.88,164890.0,Unknown,Weak Passwords,Ai-Based Detection,20.0
India,2020,Sql Injection,Banking,89.8,895388.0,Insider,Social Engineering,Ai-Based Detection,54.0
India,2020,Sql Injection,Telecommunications,17.47,436517.0,Nation-State,Weak Passwords,Antivirus,61.0
India,2018,Phishing,It,70.85,677164.0,Nation-State,Weak Passwords,Firewall,7.0
Russia,2024,Man-In-The-Middle,Banking,93.13,414192.0,Nation-State,Weak Passwords,Firewall,34.0
Russia,2021,Man-In-The-Middle,Retail,39.73,80069.0,Insider,Unpatched Software,Vpn,8.0
Uk,2016,Phishing,It,1.28,604185.0,Unknown,Zero-Day,Firewall,57.0
Brazil,2021,Sql Injection,It,83.99,807733.0,Unknown,Weak Passwords,Encryption,18.0
France,2019,Sql Injection,Telecommunications,16.51,945154.0,Nation-State,Social Engineering,Ai-Based Detection,63.0
Germany,2023,Malware,Retail,62.43,918454.0,Unknown,Unpatched Software,Firewall,15.0
Australia,2017,Phishing,Retail,56.1,450205.0,Unknown,Zero-Day,Firewall,32.0
Japan,2016,Malware,Banking,87.52,476001.0,Hacker Group,Social Engineering,Vpn,58.0
Russia,2018,Phishing,It,65.88,503520.0,Hacker Group,Zero-Day,Encryption,48.0
Usa,2024,Sql Injection,Retail,86.29,457411.0,Nation-State,Zero-Day,Vpn,34.0
China,2018,Malware,Education,62.82,580609.0,Unknown,Weak Passwords,Ai-Based Detection,29.0
Uk,2022,Phishing,Banking,18.45,848022.0,Hacker Group,Social Engineering,Antivirus,10.0
Brazil,2022,Phishing,Education,75.42,761590.0,Unknown,Unpatched Software,Ai-Based Detection,45.0
Brazil,2022,Ddos,Education,17.68,366968.0,Nation-State,Social Engineering,Vpn,47.0
Brazil,2021,Man-In-The-Middle,Education,27.95,625370.0,Unknown,Social Engineering,Firewall,24.0
Uk,2018,Ransomware,Banking,60.01,193378.0,Unknown,Unpatched Software,Encryption,32.0
Brazil,2024,Ddos,Healthcare,92.34,375691.0,Insider,Zero-Day,Encryption,21.0
Australia,2017,Sql Injection,Banking,7.21,526324.0,Insider,Unpatched Software,Vpn,39.0
France,2020,Malware,Healthcare,76.42,50468.0,Hacker Group,Social Engineering,Ai-Based Detection,64.0
India,2020,Phishing,It,3.2,922656.0,Insider,Zero-Day,Ai-Based Detection,36.0
India,2018,Ransomware,Retail,62.59,498457.0,Insider,Weak Passwords,Vpn,12.0
Brazil,2023,Sql Injection,Education,89.04,351850.0,Hacker Group,Social Engineering,Encryption,21.0
Usa,2015,Ddos,Retail,76.95,391982.0,Unknown,Social Engineering,Firewall,46.0
Australia,2021,Malware,Telecommunications,51.66,247243.0,Nation-State,Zero-Day,Antivirus,69.0
Japan,2020,Phishing,Banking,39.33,257190.0,Insider,Unpatched Software,Encryption,14.0
Australia,2015,Sql Injection,Retail,89.77,804658.0,Nation-State,Unpatched Software,Ai-Based Detection,23.0
Russia,2024,Man-In-The-Middle,Education,75.95,758032.0,Insider,Social Engineering,Antivirus,30.0
France,2017,Ddos,Telecommunications,13.31,381948.0,Unknown,Weak Passwords,Ai-Based Detection,46.0
Australia,2018,Ddos,Retail,40.0,152435.0,Unknown,Weak Passwords,Firewall,26.0
Brazil,2020,Ransomware,Banking,99.9,429566.0,Nation-State,Zero-Day,Ai-Based Detection,54.0
Germany,2022,Ransomware,Healthcare,61.99,496292.0,Nation-State,Zero-Day,Ai-Based Detection,21.0
Germany,2023,Man-In-The-Middle,Healthcare,75.8,943724.0,Insider,Unpatched Software,Ai-Based Detection,58.0
Japan,2022,Man-In-The-Middle,Government,39.87,243600.0,Unknown,Weak Passwords,Ai-Based Detection,40.0
Usa,2017,Phishing,It,48.96,480386.0,Nation-State,Zero-Day,Antivirus,18.0
India,2020,Ransomware,Healthcare,70.67,564046.0,Insider,Social Engineering,Firewall,39.0
Japan,2022,Malware,Banking,26.7,50007.0,Nation-State,Weak Passwords,Antivirus,19.0
Australia,2023,Malware,Retail,99.72,307143.0,Hacker Group,Social Engineering,Vpn,1.0
Russia,2023,Ddos,It,22.71,356964.0,Insider,Unpatched Software,Firewall,27.0
Usa,2024,Sql Injection,Retail,94.83,891369.0,Hacker Group,Social Engineering,Antivirus,71.0
Japan,2020,Ddos,Retail,37.81,482700.0,Insider,Unpatched Software,Vpn,36.0
China,2018,Phishing,Healthcare,42.93,596628.0,Hacker Group,Unpatched Software,Antivirus,60.0
Russia,2022,Ransomware,Telecommunications,89.33,776295.0,Unknown,Zero-Day,Vpn,40.0
Usa,2016,Phishing,Banking,50.99,447486.0,Insider,Weak Passwords,Encryption,7.0
Usa,2022,Man-In-The-Middle,Retail,75.51,298887.0,Nation-State,Zero-Day,Vpn,44.0
India,2015,Ransomware,Government,56.3,59582.0,Nation-State,Unpatched Software,Vpn,56.0
Brazil,2024,Ransomware,Healthcare,6.67,553944.0,Hacker Group,Social Engineering,Encryption,64.0
Russia,2024,Ransomware,Banking,80.29,507258.0,Nation-State,Zero-Day,Antivirus,30.0
Russia,2024,Ddos,Government,94.6,82500.0,Hacker Group,Zero-Day,Ai-Based Detection,28.0
Germany,2021,Sql Injection,Retail,27.54,383781.0,Nation-State,Zero-Day,Antivirus,57.0
Australia,2020,Ransomware,Banking,97.48,647303.0,Insider,Zero-Day,Antivirus,37.0
Usa,2016,Phishing,It,68.23,877998.0,Nation-State,Zero-Day,Antivirus,23.0
India,2022,Sql Injection,Government,56.84,631420.0,Nation-State,Unpatched Software,Firewall,68.0
France,2023,Ransomware,Telecommunications,84.79,263566.0,Hacker Group,Zero-Day,Ai-Based Detection,64.0
Uk,2021,Ransomware,Banking,4.22,65148.0,Unknown,Weak Passwords,Vpn,15.0
Russia,2020,Ransomware,Telecommunications,58.73,345623.0,Unknown,Weak Passwords,Antivirus,67.0
China,2015,Ransomware,It,60.43,962452.0,Nation-State,Zero-Day,Encryption,36.0
Germany,2024,Phishing,It,2.85,951767.0,Nation-State,Weak Passwords,Ai-Based Detection,10.0
Uk,2016,Sql Injection,Education,43.55,712306.0,Hacker Group,Social Engineering,Firewall,29.0
Uk,2016,Ransomware,Telecommunications,11.83,365116.0,Hacker Group,Social Engineering,Encryption,66.0
Usa,2021,Man-In-The-Middle,Banking,64.96,485702.0,Unknown,Unpatched Software,Firewall,51.0
Usa,2023,Sql Injection,It,19.37,49480.0,Unknown,Social Engineering,Encryption,17.0
Australia,2019,Phishing,Education,46.64,971148.0,Insider,Unpatched Software,Firewall,44.0
Usa,2018,Ddos,Banking,31.54,513005.0,Unknown,Social Engineering,Vpn,62.0
Germany,2019,Malware,Retail,6.47,360381.0,Unknown,Zero-Day,Vpn,62.0
Brazil,2021,Ddos,Banking,96.23,649383.0,Unknown,Weak Passwords,Encryption,59.0
Germany,2022,Sql Injection,Banking,89.74,155736.0,Nation-State,Social Engineering,Encryption,63.0
Usa,2023,Malware,Healthcare,54.29,443715.0,Unknown,Zero-Day,Antivirus,54.0
Australia,2022,Ddos,Telecommunications,4.81,683733.0,Nation-State,Zero-Day,Vpn,65.0
Brazil,2019,Ddos,Healthcare,42.16,400214.0,Unknown,Zero-Day,Firewall,58.0
Brazil,2024,Ransomware,It,74.06,813472.0,Hacker Group,Zero-Day,Vpn,17.0
France,2021,Ransomware,Banking,27.1,505132.5,Nation-State,Weak Passwords,Antivirus,54.0
India,2017,Malware,It,22.04,210495.0,Insider,Weak Passwords,Firewall,18.0
China,2023,Man-In-The-Middle,Education,49.53,923445.0,Hacker Group,Unpatched Software,Vpn,42.0
Japan,2019,Man-In-The-Middle,Education,1.72,407485.0,Insider,Unpatched Software,Ai-Based Detection,22.0
Russia,2020,Man-In-The-Middle,Government,97.39,517452.0,Unknown,Zero-Day,Firewall,9.0
Germany,2017,Ransomware,Retail,68.73,509742.0,Nation-State,Zero-Day,Antivirus,43.0
Usa,2019,Malware,Healthcare,57.85,412236.0,Nation-State,Weak Passwords,Antivirus,36.0
Germany,2017,Malware,Healthcare,6.58,592988.0,Hacker Group,Unpatched Software,Vpn,43.0
Usa,2019,Ransomware,Banking,47.25,451510.0,Hacker Group,Zero-Day,Vpn,45.0
India,2021,Ransomware,Education,20.26,144065.0,Insider,Unpatched Software,Firewall,62.0
India,2024,Ddos,Telecommunications,85.02,700440.0,Hacker Group,Weak Passwords,Vpn,23.0
France,2024,Phishing,Banking,64.54,255689.0,Unknown,Zero-Day,Antivirus,54.0
Japan,2017,Malware,Retail,74.01,750473.0,Unknown,Zero-Day,Antivirus,41.0
Uk,2015,Malware,Government,68.8,284512.0,Nation-State,Social Engineering,Antivirus,23.0
Japan,2021,Malware,Education,76.8,607544.0,Nation-State,Weak Passwords,Encryption,56.0
Uk,2016,Ransomware,Banking,92.39,61764.0,Hacker Group,Social Engineering,Encryption,38.0
Usa,2023,Ddos,Telecommunications,11.73,489053.0,Nation-State,Zero-Day,Antivirus,29.0
China,2020,Sql Injection,Telecommunications,29.31,8884.0,Unknown,Weak Passwords,Firewall,23.0
Germany,2017,Ransomware,Retail,91.67,80135.0,Hacker Group,Social Engineering,Ai-Based Detection,35.0
Usa,2022,Phishing,Retail,47.66,20064.0,Insider,Social Engineering,Encryption,61.0
India,2022,Sql Injection,Telecommunications,95.74,849940.0,Insider,Weak Passwords,Antivirus,61.0
Uk,2021,Ransomware,Government,79.25,437649.0,Hacker Group,Weak Passwords,Firewall,10.0
Australia,2020,Sql Injection,Telecommunications,43.69,269137.0,Unknown,Unpatched Software,Ai-Based Detection,18.0
Uk,2018,Malware,Telecommunications,23.27,505132.5,Insider,Unpatched Software,Antivirus,11.0
Uk,2015,Sql Injection,Banking,6.96,474585.0,Nation-State,Unpatched Software,Firewall,34.0
Russia,2024,Sql Injection,Government,41.65,674211.0,Hacker Group,Weak Passwords,Firewall,54.0
Brazil,2020,Phishing,Healthcare,18.79,267178.0,Nation-State,Social Engineering,Firewall,56.0
Russia,2022,Ddos,Healthcare,58.93,505132.5,Hacker Group,Zero-Day,Firewall,15.0
Uk,2020,Ransomware,It,83.29,217598.0,Hacker Group,Unpatched Software,Encryption,24.0
China,2024,Ransomware,Government,65.96,44082.0,Nation-State,Social Engineering,Vpn,48.0
India,2018,Phishing,Banking,71.58,31733.0,Hacker Group,Unpatched Software,Encryption,49.0
Australia,2022,Man-In-The-Middle,Banking,34.16,346224.0,Nation-State,Zero-Day,Encryption,64.0
Australia,2015,Ddos,Banking,61.01,419127.0,Unknown,Social Engineering,Firewall,26.0
Usa,2024,Man-In-The-Middle,Education,53.59,810539.0,Unknown,Weak Passwords,Antivirus,22.0
Usa,2020,Ddos,Retail,11.79,692784.0,Hacker Group,Unpatched Software,Firewall,2.0
Usa,2020,Sql Injection,Retail,16.98,315050.0,Unknown,Unpatched Software,Encryption,8.0
India,2016,Sql Injection,It,29.24,786464.0,Unknown,Zero-Day,Encryption,38.0
Uk,2023,Man-In-The-Middle,It,20.35,140061.0,Hacker Group,Weak Passwords,Ai-Based Detection,42.0
Brazil,2021,Sql Injection,It,34.32,673923.0,Hacker Group,Unpatched Software,Encryption,36.0
Japan,2017,Sql Injection,Government,35.88,221051.0,Insider,Zero-Day,Encryption,18.0
Russia,2017,Sql Injection,Banking,33.84,442940.0,Nation-State,Unpatched Software,Ai-Based Detection,7.0
Russia,2024,Sql Injection,Telecommunications,17.21,677688.0,Nation-State,Zero-Day,Encryption,31.0
Russia,2017,Ransomware,Education,95.08,679860.0,Unknown,Social Engineering,Encryption,66.0
Germany,2016,Phishing,Retail,27.85,963983.0,Unknown,Zero-Day,Encryption,45.0
Uk,2020,Ddos,Retail,18.52,125100.0,Unknown,Weak Passwords,Vpn,61.0
China,2016,Ddos,Education,81.31,815317.0,Hacker Group,Social Engineering,Antivirus,72.0
China,2020,Man-In-The-Middle,Retail,34.82,500252.0,Unknown,Zero-Day,Antivirus,29.0
India,2018,Ddos,Education,55.3,512953.0,Unknown,Weak Passwords,Firewall,57.0
India,2023,Phishing,Banking,88.71,337377.0,Hacker Group,Social Engineering,Ai-Based Detection,23.0
India,2024,Ddos,Retail,0.6,766733.0,Insider,Zero-Day,Ai-Based Detection,55.0
Usa,2023,Malware,Retail,50.99,578310.0,Nation-State,Weak Passwords,Antivirus,15.0
France,2022,Man-In-The-Middle,Telecommunications,12.96,255574.0,Insider,Social Engineering,Firewall,69.0
China,2023,Phishing,It,43.58,169152.0,Nation-State,Unpatched Software,Encryption,49.0
Usa,2020,Man-In-The-Middle,It,33.22,216472.0,Unknown,Zero-Day,Encryption,55.0
Japan,2020,Phishing,Retail,38.96,370096.0,Nation-State,Weak Passwords,Encryption,23.0
India,2020,Phishing,Telecommunications,30.14,742555.0,Insider,Zero-Day,Firewall,57.0
Russia,2020,Man-In-The-Middle,It,21.72,870019.0,Insider,Social Engineering,Ai-Based Detection,5.0
Australia,2022,Malware,It,93.2,941679.0,Hacker Group,Social Engineering,Antivirus,43.0
France,2024,Ddos,Banking,88.17,738419.0,Unknown,Zero-Day,Firewall,11.0
Brazil,2018,Phishing,Retail,42.46,4136.0,Nation-State,Zero-Day,Encryption,23.0
India,2022,Sql Injection,Education,61.41,995847.0,Nation-State,Social Engineering,Encryption,1.0
Japan,2022,Ransomware,Education,51.51,536995.0,Hacker Group,Weak Passwords,Encryption,3.0
Germany,2022,Phishing,Telecommunications,77.7,57200.0,Hacker Group,Social Engineering,Vpn,26.0
Usa,2016,Phishing,Government,14.65,936566.0,Nation-State,Social Engineering,Vpn,61.0
Japan,2019,Ddos,Healthcare,68.4,567370.0,Insider,Unpatched Software,Vpn,9.0
India,2015,Malware,Banking,34.51,970056.0,Hacker Group,Unpatched Software,Firewall,30.0
Brazil,2020,Ransomware,It,71.74,505132.5,Hacker Group,Unpatched Software,Ai-Based Detection,45.0
Brazil,2015,Malware,Education,37.54,49473.0,Insider,Social Engineering,Firewall,51.0
France,2019,Man-In-The-Middle,It,76.35,460984.0,Hacker Group,Zero-Day,Firewall,55.0
Uk,2024,Phishing,It,71.2,228010.0,Nation-State,Social Engineering,Antivirus,59.0
Russia,2024,Ransomware,Government,48.88,172789.0,Hacker Group,Unpatched Software,Vpn,10.0
China,2020,Man-In-The-Middle,Retail,48.24,338732.0,Nation-State,Unpatched Software,Firewall,15.0
Germany,2017,Ransomware,Healthcare,32.0,175755.0,Insider,Weak Passwords,Firewall,30.0
Brazil,2023,Ddos,Education,50.34,897521.0,Nation-State,Social Engineering,Ai-Based Detection,19.0
Russia,2016,Ransomware,Healthcare,5.18,719532.0,Insider,Unpatched Software,Vpn,10.0
Australia,2024,Phishing,Government,95.28,583925.0,Insider,Zero-Day,Encryption,70.0
Russia,2016,Phishing,Retail,70.4,480522.0,Unknown,Zero-Day,Antivirus,72.0
Brazil,2015,Sql Injection,It,47.2,16957.0,Unknown,Zero-Day,Firewall,49.0
France,2016,Ransomware,It,29.35,316228.0,Unknown,Unpatched Software,Vpn,7.0
Australia,2018,Sql Injection,Banking,20.28,363414.0,Insider,Unpatched Software,Antivirus,59.0
Uk,2015,Man-In-The-Middle,Telecommunications,71.9,733671.0,Insider,Zero-Day,Vpn,20.0
France,2019,Sql Injection,Telecommunications,27.91,399457.0,Nation-State,Weak Passwords,Firewall,48.0
China,2017,Ddos,Government,57.34,171772.0,Unknown,Social Engineering,Antivirus,8.0
Usa,2015,Phishing,Government,82.4,197305.0,Insider,Unpatched Software,Ai-Based Detection,34.0
Russia,2023,Ransomware,Banking,15.08,677971.0,Insider,Social Engineering,Vpn,36.0
India,2021,Man-In-The-Middle,Banking,55.12,942454.0,Hacker Group,Social Engineering,Vpn,66.0
Russia,2022,Ransomware,Government,38.84,211205.0,Insider,Unpatched Software,Antivirus,54.0
Japan,2024,Malware,Telecommunications,42.79,483399.0,Insider,Zero-Day,Antivirus,50.0
China,2016,Ddos,Telecommunications,97.83,699791.0,Nation-State,Weak Passwords,Encryption,2.0
Germany,2019,Phishing,Education,10.04,679314.0,Nation-State,Unpatched Software,Antivirus,39.0
Brazil,2020,Phishing,Retail,96.97,466897.0,Insider,Unpatched Software,Vpn,36.0
Brazil,2024,Sql Injection,Healthcare,41.05,175957.0,Hacker Group,Zero-Day,Antivirus,69.0
India,2019,Ransomware,Government,10.37,912202.0,Nation-State,Weak Passwords,Vpn,15.0
Russia,2019,Ddos,Education,33.73,985398.0,Nation-State,Social Engineering,Antivirus,54.0
China,2023,Sql Injection,Education,4.18,715127.0,Nation-State,Weak Passwords,Antivirus,36.0
Usa,2021,Malware,Retail,72.24,472835.0,Hacker Group,Unpatched Software,Encryption,57.0
Australia,2016,Ddos,Healthcare,98.25,412019.0,Unknown,Weak Passwords,Antivirus,34.0
India,2021,Sql Injection,Retail,85.69,172469.0,Insider,Weak Passwords,Antivirus,16.0
Uk,2015,Phishing,Banking,39.12,893284.0,Unknown,Unpatched Software,Ai-Based Detection,21.0
India,2021,Malware,Telecommunications,82.66,586.0,Hacker Group,Zero-Day,Vpn,23.0
Japan,2017,Phishing,It,49.12,845169.0,Nation-State,Social Engineering,Antivirus,1.0
Germany,2018,Ransomware,Government,50.99,184748.0,Unknown,Unpatched Software,Firewall,4.0
Japan,2021,Malware,Healthcare,77.84,783976.0,Nation-State,Weak Passwords,Firewall,62.0
France,2015,Phishing,It,49.84,282583.0,Unknown,Zero-Day,Vpn,15.0
Germany,2020,Sql Injection,Healthcare,96.31,591828.0,Unknown,Unpatched Software,Encryption,16.0
India,2018,Sql Injection,Government,18.44,27344.0,Nation-State,Zero-Day,Vpn,1.0
Australia,2024,Ransomware,Healthcare,18.16,200307.0,Unknown,Social Engineering,Antivirus,59.0
China,2018,Man-In-The-Middle,It,68.28,528411.0,Insider,Zero-Day,Ai-Based Detection,10.0
France,2015,Phishing,Banking,95.72,551812.0,Insider,Weak Passwords,Encryption,36.0
Brazil,2019,Sql Injection,Education,96.6,975019.0,Unknown,Unpatched Software,Firewall,38.0
China,2015,Ddos,Government,97.15,399851.0,Nation-State,Social Engineering,Vpn,38.0
India,2024,Ransomware,Government,79.3,998833.0,Hacker Group,Social Engineering,Firewall,21.0
France,2017,Man-In-The-Middle,Education,76.35,517640.0,Hacker Group,Unpatched Software,Firewall,4.0
Russia,2023,Ddos,Banking,33.51,615332.0,Hacker Group,Social Engineering,Ai-Based Detection,65.0
France,2017,Sql Injection,Healthcare,96.08,592364.0,Insider,Weak Passwords,Antivirus,21.0
China,2020,Phishing,Education,33.69,943680.0,Insider,Zero-Day,Ai-Based Detection,46.0
Brazil,2017,Man-In-The-Middle,Retail,17.99,506551.0,Unknown,Unpatched Software,Antivirus,53.0
Japan,2022,Ransomware,Government,86.84,122651.0,Insider,Weak Passwords,Ai-Based Detection,59.0
Usa,2018,Man-In-The-Middle,Banking,97.62,459039.0,Nation-State,Weak Passwords,Firewall,68.0
Germany,2021,Ransomware,It,25.85,176331.0,Insider,Weak Passwords,Antivirus,25.0
Usa,2018,Ransomware,Healthcare,27.37,543437.0,Unknown,Unpatched Software,Firewall,20.0
Germany,2022,Sql Injection,Banking,29.02,859311.0,Insider,Zero-Day,Ai-Based Detection,36.0
Usa,2018,Ddos,Retail,90.78,877041.0,Unknown,Unpatched Software,Vpn,48.0
France,2022,Ransomware,Healthcare,42.33,657939.0,Nation-State,Social Engineering,Antivirus,47.0
Japan,2019,Ddos,Banking,81.89,920270.0,Nation-State,Unpatched Software,Antivirus,20.0
Usa,2015,Ransomware,Healthcare,43.81,905935.0,Unknown,Unpatched Software,Vpn,60.0
Australia,2019,Malware,Telecommunications,93.71,217863.0,Insider,Unpatched Software,Vpn,31.0
Uk,2020,Man-In-The-Middle,Government,54.29,930468.0,Insider,Social Engineering,Ai-Based Detection,35.0
Japan,2022,Phishing,Healthcare,55.72,179545.0,Unknown,Zero-Day,Encryption,15.0
India,2023,Ransomware,Retail,5.57,582097.0,Insider,Weak Passwords,Antivirus,40.0
France,2023,Sql Injection,Banking,48.1,360752.0,Unknown,Zero-Day,Antivirus,21.0
India,2020,Phishing,Retail,25.79,907128.0,Insider,Unpatched Software,Antivirus,13.0
Uk,2024,Man-In-The-Middle,Banking,14.84,817793.0,Hacker Group,Social Engineering,Vpn,64.0
China,2024,Malware,Healthcare,85.76,922209.0,Nation-State,Zero-Day,Antivirus,27.0
Usa,2019,Ddos,Retail,18.76,411707.0,Insider,Social Engineering,Vpn,42.0
India,2020,Phishing,Healthcare,38.19,847958.0,Insider,Weak Passwords,Firewall,32.0
India,2015,Man-In-The-Middle,Banking,38.1,187807.0,Nation-State,Unpatched Software,Vpn,37.0
China,2024,Sql Injection,Telecommunications,10.18,637350.0,Unknown,Weak Passwords,Antivirus,52.0
China,2024,Sql Injection,It,36.27,237068.0,Hacker Group,Zero-Day,Encryption,65.0
Australia,2022,Ransomware,Government,92.07,819812.0,Nation-State,Unpatched Software,Encryption,63.0
Brazil,2023,Sql Injection,Healthcare,72.9,434510.0,Hacker Group,Social Engineering,Firewall,72.0
Usa,2019,Ddos,Telecommunications,57.52,513601.0,Nation-State,Unpatched Software,Vpn,14.0
Japan,2015,Malware,Healthcare,5.79,821803.0,Unknown,Social Engineering,Firewall,40.0
Russia,2020,Man-In-The-Middle,It,14.68,12585.0,Unknown,Zero-Day,Antivirus,30.0
Russia,2020,Man-In-The-Middle,Telecommunications,10.12,405253.0,Hacker Group,Unpatched Software,Antivirus,52.0
Japan,2017,Ddos,It,86.89,703035.0,Unknown,Unpatched Software,Firewall,15.0
Australia,2022,Phishing,Government,9.84,580402.0,Nation-State,Social Engineering,Vpn,70.0
France,2017,Man-In-The-Middle,Education,50.99,640572.0,Hacker Group,Social Engineering,Firewall,51.0
Japan,2023,Phishing,Banking,75.13,85528.0,Hacker Group,Social Engineering,Vpn,55.0
Uk,2024,Malware,Healthcare,33.21,79940.0,Unknown,Zero-Day,Firewall,64.0
China,2023,Sql Injection,Telecommunications,54.41,215401.0,Hacker Group,Social Engineering,Vpn,50.0
France,2018,Malware,It,59.56,450313.0,Nation-State,Zero-Day,Ai-Based Detection,26.0
Australia,2016,Malware,Retail,45.71,461668.0,Nation-State,Unpatched Software,Firewall,10.0
France,2021,Man-In-The-Middle,Banking,4.94,71156.0,Insider,Zero-Day,Encryption,34.0
India,2017,Ransomware,Government,89.47,201732.0,Unknown,Zero-Day,Antivirus,39.0
Russia,2018,Man-In-The-Middle,Government,45.91,322132.0,Nation-State,Weak Passwords,Encryption,44.0
Japan,2021,Phishing,Banking,82.85,854309.0,Insider,Zero-Day,Antivirus,16.0
Usa,2022,Phishing,Retail,89.85,998085.0,Insider,Zero-Day,Vpn,36.0
France,2018,Malware,It,10.81,479628.0,Insider,Weak Passwords,Vpn,13.0
Russia,2022,Malware,Healthcare,34.32,554162.0,Insider,Weak Passwords,Encryption,33.0
Usa,2022,Phishing,Government,92.54,653402.0,Hacker Group,Social Engineering,Firewall,5.0
Uk,2016,Man-In-The-Middle,Government,62.9,119785.0,Hacker Group,Unpatched Software,Encryption,14.0
Germany,2018,Ddos,Banking,48.76,754656.0,Hacker Group,Unpatched Software,Vpn,35.0
Usa,2016,Malware,Retail,41.11,848855.0,Unknown,Unpatched Software,Vpn,37.0
China,2021,Sql Injection,Healthcare,57.2,328454.0,Nation-State,Zero-Day,Vpn,36.0
Russia,2022,Ddos,Education,13.13,510702.0,Hacker Group,Weak Passwords,Firewall,15.0
Australia,2015,Man-In-The-Middle,Education,20.96,248083.0,Hacker Group,Social Engineering,Encryption,70.0
Brazil,2023,Ddos,Government,42.75,746425.0,Unknown,Zero-Day,Vpn,24.0
Japan,2018,Ransomware,Education,82.89,336607.0,Unknown,Zero-Day,Ai-Based Detection,17.0
Brazil,2021,Ransomware,Government,21.21,570810.0,Insider,Social Engineering,Firewall,72.0
France,2020,Malware,Banking,12.25,162930.0,Insider,Unpatched Software,Firewall,13.0
Japan,2015,Sql Injection,Education,61.87,244406.0,Nation-State,Social Engineering,Vpn,43.0
Japan,2016,Ddos,Education,50.99,604557.0,Nation-State,Zero-Day,Encryption,20.0
Germany,2024,Man-In-The-Middle,Education,26.58,313397.0,Unknown,Social Engineering,Ai-Based Detection,36.0
Australia,2023,Malware,Retail,5.24,696902.0,Unknown,Unpatched Software,Encryption,21.0
Uk,2024,Phishing,Banking,30.39,156576.0,Hacker Group,Unpatched Software,Vpn,72.0
Uk,2022,Phishing,Healthcare,66.55,843310.0,Hacker Group,Zero-Day,Antivirus,71.0
China,2016,Ddos,Telecommunications,50.99,281862.0,Insider,Social Engineering,Ai-Based Detection,4.0
India,2024,Ransomware,It,88.23,526308.0,Insider,Unpatched Software,Antivirus,23.0
Russia,2018,Ddos,It,5.18,826924.0,Insider,Social Engineering,Vpn,35.0
China,2024,Ddos,It,13.77,928751.0,Insider,Social Engineering,Encryption,26.0
China,2021,Ransomware,Education,21.9,304804.0,Hacker Group,Weak Passwords,Ai-Based Detection,53.0
Brazil,2024,Man-In-The-Middle,Education,34.42,960625.0,Nation-State,Zero-Day,Firewall,48.0
France,2019,Ransomware,Government,57.9,264088.0,Unknown,Weak Passwords,Ai-Based Detection,28.0
Australia,2022,Phishing,Healthcare,61.97,633750.0,Insider,Unpatched Software,Antivirus,45.0
China,2021,Ransomware,Healthcare,56.11,255531.0,Unknown,Social Engineering,Firewall,36.0
Australia,2018,Ransomware,Banking,50.64,874035.0,Insider,Unpatched Software,Antivirus,38.0
Usa,2017,Ddos,Healthcare,64.99,632431.0,Insider,Zero-Day,Vpn,55.0
Brazil,2018,Ransomware,Education,69.04,939146.0,Nation-State,Zero-Day,Firewall,36.0
India,2022,Man-In-The-Middle,Retail,13.82,633855.0,Hacker Group,Social Engineering,Antivirus,37.0
Australia,2016,Malware,Government,22.48,686176.0,Nation-State,Zero-Day,Firewall,62.0
China,2022,Malware,Retail,11.31,561807.0,Unknown,Zero-Day,Antivirus,17.0
India,2023,Sql Injection,Government,60.53,15768.0,Unknown,Zero-Day,Vpn,66.0
Germany,2019,Malware,Healthcare,98.45,32423.0,Hacker Group,Weak Passwords,Antivirus,45.0
China,2021,Sql Injection,It,97.06,329378.0,Nation-State,Weak Passwords,Vpn,61.0
India,2020,Phishing,Healthcare,64.7,541451.0,Hacker Group,Weak Passwords,Encryption,17.0
China,2020,Man-In-The-Middle,Education,1.05,255393.0,Unknown,Unpatched Software,Encryption,71.0
Japan,2017,Phishing,Government,89.97,141115.0,Hacker Group,Zero-Day,Ai-Based Detection,9.0
India,2015,Man-In-The-Middle,Telecommunications,48.58,358210.0,Nation-State,Zero-Day,Ai-Based Detection,11.0
Japan,2023,Phishing,Education,50.99,60322.0,Unknown,Zero-Day,Vpn,22.0
China,2019,Ransomware,Government,15.42,555153.0,Unknown,Zero-Day,Encryption,11.0
India,2018,Phishing,Healthcare,50.99,98266.0,Insider,Social Engineering,Firewall,18.0
Russia,2019,Man-In-The-Middle,It,52.8,633511.0,Insider,Zero-Day,Vpn,58.0
Uk,2015,Man-In-The-Middle,Banking,64.88,976213.0,Unknown,Social Engineering,Firewall,28.0
Brazil,2016,Ddos,Telecommunications,94.1,838739.0,Unknown,Social Engineering,Vpn,21.0
China,2023,Ransomware,It,23.18,367503.0,Nation-State,Weak Passwords,Encryption,17.0
China,2018,Ransomware,Education,17.44,598614.0,Insider,Social Engineering,Vpn,59.0
France,2022,Phishing,Retail,22.72,629571.0,Hacker Group,Unpatched Software,Vpn,41.0
Japan,2021,Man-In-The-Middle,Education,69.99,834355.0,Nation-State,Unpatched Software,Ai-Based Detection,71.0
Usa,2020,Man-In-The-Middle,It,87.88,731495.0,Nation-State,Zero-Day,Antivirus,3.0
Uk,2020,Sql Injection,Retail,69.91,354637.0,Insider,Social Engineering,Vpn,63.0
Usa,2020,Ransomware,Banking,27.45,60428.0,Nation-State,Weak Passwords,Antivirus,27.0
China,2024,Ddos,Retail,13.17,95351.0,Nation-State,Unpatched Software,Antivirus,11.0
Brazil,2020,Phishing,Retail,50.99,826159.0,Insider,Weak Passwords,Vpn,3.0
France,2020,Sql Injection,Healthcare,66.92,234301.0,Insider,Zero-Day,Ai-Based Detection,32.0
Uk,2020,Phishing,Healthcare,39.47,551014.0,Nation-State,Social Engineering,Firewall,71.0
Brazil,2017,Sql Injection,Telecommunications,4.35,809757.0,Nation-State,Social Engineering,Vpn,61.0
Uk,2017,Malware,Healthcare,24.06,612319.0,Unknown,Social Engineering,Antivirus,47.0
Uk,2015,Phishing,Telecommunications,21.8,312051.0,Nation-State,Unpatched Software,Vpn,41.0
Usa,2018,Phishing,Banking,89.74,279786.0,Insider,Zero-Day,Vpn,46.0
Australia,2016,Phishing,Government,72.34,847817.0,Hacker Group,Social Engineering,Firewall,13.0
Australia,2016,Man-In-The-Middle,Education,37.48,382682.0,Nation-State,Zero-Day,Firewall,12.0
Usa,2021,Phishing,It,38.2,159917.0,Insider,Zero-Day,Antivirus,47.0
France,2023,Man-In-The-Middle,Government,85.85,841548.0,Unknown,Zero-Day,Firewall,68.0
Japan,2017,Ddos,Healthcare,5.5,751586.0,Nation-State,Social Engineering,Ai-Based Detection,24.0
Germany,2024,Man-In-The-Middle,Banking,53.51,680154.0,Nation-State,Zero-Day,Firewall,2.0
France,2023,Phishing,Education,37.38,978508.0,Insider,Weak Passwords,Firewall,42.0
Germany,2020,Man-In-The-Middle,It,84.55,392247.0,Unknown,Zero-Day,Antivirus,36.0
Russia,2023,Sql Injection,Retail,34.87,446911.0,Unknown,Weak Passwords,Firewall,25.0
Australia,2023,Ransomware,It,17.26,777799.0,Insider,Weak Passwords,Firewall,2.0
Australia,2016,Ransomware,Healthcare,82.99,799581.0,Nation-State,Zero-Day,Ai-Based Detection,50.0
Germany,2015,Man-In-The-Middle,Retail,85.34,819676.0,Hacker Group,Zero-Day,Antivirus,59.0
Japan,2023,Sql Injection,Telecommunications,31.46,192430.0,Nation-State,Unpatched Software,Ai-Based Detection,36.0
Uk,2016,Ddos,Telecommunications,74.5,735.0,Hacker Group,Zero-Day,Firewall,69.0
Usa,2023,Ransomware,Healthcare,12.79,654947.0,Insider,Social Engineering,Encryption,23.0
Usa,2018,Ddos,Banking,10.01,327826.0,Hacker Group,Social Engineering,Ai-Based Detection,35.0
France,2016,Man-In-The-Middle,Healthcare,23.99,106126.0,Unknown,Weak Passwords,Antivirus,19.0
Russia,2022,Man-In-The-Middle,It,34.57,46493.0,Insider,Unpatched Software,Encryption,62.0
Japan,2021,Man-In-The-Middle,Education,15.78,733307.0,Nation-State,Social Engineering,Firewall,29.0
France,2015,Malware,Government,71.91,789673.0,Unknown,Zero-Day,Antivirus,31.0
China,2017,Ransomware,Education,64.93,159061.0,Insider,Weak Passwords,Firewall,12.0
China,2020,Phishing,Education,6.35,80748.0,Hacker Group,Zero-Day,Encryption,8.0
Uk,2020,Phishing,It,85.85,697536.0,Unknown,Social Engineering,Ai-Based Detection,72.0
Brazil,2019,Sql Injection,Healthcare,46.5,748146.0,Insider,Weak Passwords,Ai-Based Detection,13.0
Russia,2022,Man-In-The-Middle,Telecommunications,64.39,803579.0,Unknown,Weak Passwords,Vpn,1.0
France,2021,Phishing,Retail,13.47,537683.0,Insider,Unpatched Software,Vpn,41.0
France,2020,Ddos,Retail,40.72,743271.0,Nation-State,Social Engineering,Firewall,10.0
Australia,2018,Malware,Banking,36.01,215231.0,Unknown,Zero-Day,Antivirus,49.0
Uk,2022,Phishing,Banking,57.89,135941.0,Nation-State,Social Engineering,Ai-Based Detection,7.0
Usa,2017,Phishing,It,7.95,362478.0,Hacker Group,Zero-Day,Encryption,67.0
Russia,2022,Ddos,Education,13.89,537149.0,Nation-State,Unpatched Software,Vpn,54.0
China,2016,Sql Injection,Banking,96.28,162061.0,Insider,Zero-Day,Firewall,32.0
China,2016,Ransomware,Banking,94.63,455702.0,Hacker Group,Weak Passwords,Antivirus,5.0
Uk,2021,Phishing,Telecommunications,13.26,505132.5,Nation-State,Social Engineering,Ai-Based Detection,7.0
France,2019,Malware,Retail,21.92,603904.0,Nation-State,Unpatched Software,Firewall,36.0
France,2016,Malware,It,81.81,331741.0,Hacker Group,Social Engineering,Antivirus,29.0
Japan,2023,Ransomware,Education,58.79,983506.0,Hacker Group,Social Engineering,Ai-Based Detection,35.0
China,2015,Phishing,Retail,14.72,914743.0,Insider,Social Engineering,Ai-Based Detection,69.0
Germany,2022,Malware,Banking,59.7,258587.0,Insider,Social Engineering,Vpn,7.0
Brazil,2020,Man-In-The-Middle,Retail,16.26,527964.0,Insider,Zero-Day,Firewall,28.0
Brazil,2015,Phishing,Banking,29.61,505132.5,Unknown,Zero-Day,Firewall,36.0
Uk,2023,Malware,It,82.38,386972.0,Insider,Unpatched Software,Ai-Based Detection,56.0
China,2017,Ddos,Healthcare,96.49,644339.0,Insider,Unpatched Software,Antivirus,71.0
Brazil,2024,Ddos,Healthcare,76.39,782425.0,Insider,Weak Passwords,Encryption,13.0
Russia,2024,Sql Injection,Banking,79.98,84185.0,Nation-State,Weak Passwords,Vpn,2.0
Uk,2022,Malware,Healthcare,91.65,337120.0,Insider,Weak Passwords,Firewall,36.0
Uk,2020,Phishing,Banking,50.99,241282.0,Hacker Group,Social Engineering,Encryption,55.0
China,2022,Ddos,Healthcare,97.15,734819.0,Unknown,Unpatched Software,Ai-Based Detection,50.0
Australia,2024,Ddos,Healthcare,77.04,8517.0,Hacker Group,Weak Passwords,Encryption,4.0
Uk,2018,Man-In-The-Middle,Government,91.52,865257.0,Nation-State,Social Engineering,Vpn,19.0
Germany,2023,Sql Injection,Education,37.4,662428.0,Insider,Weak Passwords,Ai-Based Detection,4.0
China,2020,Malware,Healthcare,11.89,646567.0,Insider,Unpatched Software,Vpn,15.0
Usa,2019,Ddos,Banking,43.29,266748.0,Unknown,Unpatched Software,Antivirus,30.0
Usa,2022,Ransomware,Retail,92.88,771367.0,Hacker Group,Zero-Day,Firewall,5.0
Usa,2020,Ddos,Banking,99.81,948174.0,Unknown,Social Engineering,Ai-Based Detection,4.0
Brazil,2017,Ddos,Healthcare,62.74,460264.0,Unknown,Social Engineering,Firewall,9.0
Usa,2017,Ddos,Government,96.89,794147.0,Unknown,Unpatched Software,Antivirus,4.0
France,2015,Sql Injection,It,43.86,72222.0,Unknown,Weak Passwords,Firewall,64.0
Uk,2020,Ddos,Telecommunications,66.27,995231.0,Nation-State,Weak Passwords,Firewall,53.0
Japan,2021,Malware,Retail,90.8,841766.0,Nation-State,Zero-Day,Ai-Based Detection,16.0
Russia,2015,Man-In-The-Middle,It,95.04,566542.0,Unknown,Weak Passwords,Firewall,36.0
Uk,2022,Malware,Healthcare,12.67,781284.0,Hacker Group,Weak Passwords,Firewall,11.0
Uk,2022,Phishing,It,89.59,361270.0,Nation-State,Weak Passwords,Vpn,31.0
India,2022,Malware,Telecommunications,97.03,404834.0,Hacker Group,Zero-Day,Vpn,36.0
China,2023,Ddos,Government,53.46,374484.0,Unknown,Unpatched Software,Antivirus,46.0
Australia,2020,Sql Injection,It,21.02,681476.0,Unknown,Weak Passwords,Vpn,6.0
India,2019,Sql Injection,Retail,15.39,514826.0,Hacker Group,Unpatched Software,Firewall,72.0
Japan,2022,Malware,Education,97.32,742866.0,Nation-State,Social Engineering,Encryption,61.0
Uk,2016,Ransomware,Healthcare,61.66,505132.5,Hacker Group,Social Engineering,Vpn,36.0
Australia,2022,Sql Injection,It,15.29,42346.0,Hacker Group,Unpatched Software,Vpn,33.0
Japan,2019,Malware,Telecommunications,5.88,235399.0,Unknown,Social Engineering,Antivirus,21.0
Usa,2015,Man-In-The-Middle,Retail,24.93,448426.0,Nation-State,Weak Passwords,Vpn,36.0
France,2020,Ransomware,Retail,97.37,467137.0,Nation-State,Social Engineering,Encryption,14.0
Japan,2017,Sql Injection,Education,11.49,364107.0,Hacker Group,Social Engineering,Ai-Based Detection,28.0
India,2022,Man-In-The-Middle,Government,4.05,357898.0,Hacker Group,Social Engineering,Firewall,27.0
China,2016,Ddos,Banking,76.9,605118.0,Insider,Social Engineering,Firewall,30.0
Russia,2022,Man-In-The-Middle,Education,96.44,106169.0,Nation-State,Unpatched Software,Encryption,28.0
France,2016,Ransomware,Healthcare,34.29,157547.0,Insider,Unpatched Software,Ai-Based Detection,29.0
Brazil,2022,Sql Injection,Healthcare,56.63,242677.0,Insider,Social Engineering,Encryption,21.0
China,2016,Sql Injection,Banking,63.67,385872.0,Insider,Zero-Day,Firewall,50.0
Germany,2018,Ddos,Retail,80.85,148209.0,Insider,Weak Passwords,Antivirus,54.0
Japan,2022,Ddos,Healthcare,9.5,387457.0,Nation-State,Weak Passwords,Vpn,61.0
Russia,2023,Malware,It,47.22,404004.0,Nation-State,Social Engineering,Encryption,58.0
Uk,2018,Ransomware,Retail,28.98,981029.0,Nation-State,Weak Passwords,Antivirus,42.0
France,2017,Malware,Telecommunications,96.63,389525.0,Unknown,Zero-Day,Antivirus,32.0
India,2019,Sql Injection,It,43.97,764974.0,Nation-State,Weak Passwords,Vpn,18.0
India,2017,Man-In-The-Middle,Healthcare,91.4,621971.0,Nation-State,Weak Passwords,Ai-Based Detection,49.0
Brazil,2024,Sql Injection,It,53.71,680584.0,Insider,Zero-Day,Ai-Based Detection,5.0
China,2018,Sql Injection,Education,15.36,907858.0,Nation-State,Social Engineering,Encryption,47.0
Russia,2021,Sql Injection,Banking,80.68,983047.0,Hacker Group,Unpatched Software,Antivirus,19.0
France,2015,Malware,Government,17.3,610049.0,Hacker Group,Zero-Day,Ai-Based Detection,37.0
India,2021,Sql Injection,It,52.16,100105.0,Unknown,Zero-Day,Firewall,56.0
Usa,2023,Sql Injection,Government,89.46,59398.0,Hacker Group,Zero-Day,Antivirus,8.0
Usa,2023,Malware,Banking,35.91,91974.0,Hacker Group,Zero-Day,Ai-Based Detection,41.0
Brazil,2019,Ransomware,Healthcare,9.32,785564.0,Insider,Unpatched Software,Antivirus,70.0
China,2023,Phishing,Banking,15.21,597516.0,Nation-State,Unpatched Software,Antivirus,15.0
Uk,2022,Ransomware,It,17.98,799372.0,Hacker Group,Zero-Day,Ai-Based Detection,14.0
France,2018,Sql Injection,Banking,32.84,77096.0,Unknown,Weak Passwords,Vpn,29.0
Brazil,2023,Man-In-The-Middle,Retail,59.18,610786.0,Nation-State,Social Engineering,Ai-Based Detection,31.0
Japan,2021,Sql Injection,Telecommunications,28.33,667271.0,Insider,Weak Passwords,Firewall,22.0
China,2023,Phishing,Banking,33.27,133315.0,Nation-State,Zero-Day,Ai-Based Detection,25.0
Brazil,2019,Sql Injection,Government,24.93,381105.0,Unknown,Weak Passwords,Encryption,3.0
Uk,2020,Ransomware,Banking,98.07,795120.0,Unknown,Social Engineering,Firewall,42.0
Russia,2017,Sql Injection,Healthcare,67.13,198285.0,Nation-State,Unpatched Software,Encryption,56.0
India,2023,Ddos,Government,34.46,580270.0,Unknown,Unpatched Software,Firewall,35.0
Uk,2018,Ransomware,Retail,45.67,277410.0,Hacker Group,Social Engineering,Firewall,42.0
Australia,2022,Man-In-The-Middle,Government,38.29,793946.0,Nation-State,Weak Passwords,Firewall,12.0
Australia,2019,Ransomware,Banking,15.21,126770.0,Insider,Zero-Day,Encryption,67.0
Australia,2016,Phishing,It,55.18,66776.0,Unknown,Zero-Day,Encryption,29.0
Uk,2018,Ddos,Telecommunications,50.99,434797.0,Insider,Social Engineering,Antivirus,21.0
France,2024,Sql Injection,Retail,3.07,901137.0,Nation-State,Zero-Day,Antivirus,10.0
Australia,2020,Man-In-The-Middle,Banking,34.59,427407.0,Unknown,Unpatched Software,Encryption,47.0
Usa,2021,Phishing,Banking,28.75,959107.0,Unknown,Zero-Day,Antivirus,36.0
Russia,2017,Man-In-The-Middle,It,55.23,12439.0,Nation-State,Weak Passwords,Firewall,20.0
Germany,2021,Man-In-The-Middle,Banking,50.99,292854.0,Nation-State,Unpatched Software,Ai-Based Detection,14.0
Usa,2023,Malware,Banking,66.06,189116.0,Insider,Social Engineering,Ai-Based Detection,53.0
Usa,2017,Phishing,Telecommunications,19.6,889404.0,Unknown,Weak Passwords,Firewall,60.0
Usa,2017,Man-In-The-Middle,Retail,58.98,566242.0,Nation-State,Social Engineering,Vpn,63.0
Brazil,2015,Sql Injection,It,86.67,694491.0,Unknown,Unpatched Software,Firewall,65.0
Australia,2015,Ddos,Banking,51.54,297721.0,Nation-State,Weak Passwords,Antivirus,29.0
China,2024,Sql Injection,Education,13.61,394335.0,Unknown,Zero-Day,Encryption,43.0
Japan,2016,Man-In-The-Middle,It,57.14,590262.0,Insider,Unpatched Software,Antivirus,15.0
Germany,2015,Ddos,It,91.79,846200.0,Unknown,Social Engineering,Ai-Based Detection,26.0
Japan,2017,Phishing,Telecommunications,89.85,44385.0,Hacker Group,Weak Passwords,Ai-Based Detection,18.0
Uk,2021,Phishing,Banking,44.7,408446.0,Insider,Social Engineering,Vpn,43.0
Uk,2023,Ddos,Education,54.0,806965.0,Insider,Social Engineering,Ai-Based Detection,56.0
Russia,2022,Ransomware,Education,79.93,587346.0,Hacker Group,Social Engineering,Antivirus,39.0
Japan,2015,Phishing,Education,2.43,552342.0,Unknown,Zero-Day,Vpn,62.0
France,2019,Ddos,Education,66.65,47104.0,Insider,Social Engineering,Vpn,5.0
Usa,2022,Phishing,Retail,13.83,586557.0,Hacker Group,Social Engineering,Antivirus,37.0
Russia,2017,Malware,Government,2.65,500857.0,Hacker Group,Zero-Day,Vpn,35.0
Usa,2022,Man-In-The-Middle,Banking,65.51,977913.0,Hacker Group,Weak Passwords,Antivirus,36.0
France,2021,Malware,Telecommunications,68.64,894858.0,Hacker Group,Social Engineering,Firewall,19.0
Uk,2018,Man-In-The-Middle,It,75.81,574089.0,Unknown,Zero-Day,Firewall,32.0
Usa,2015,Ddos,Healthcare,62.99,232622.0,Nation-State,Weak Passwords,Antivirus,33.0
India,2015,Malware,Retail,89.95,917351.0,Unknown,Zero-Day,Encryption,43.0
Australia,2024,Sql Injection,Banking,98.31,694333.0,Insider,Unpatched Software,Vpn,48.0
India,2017,Ransomware,Government,38.87,968822.0,Nation-State,Weak Passwords,Antivirus,25.0
Brazil,2015,Ddos,Banking,18.87,976838.0,Unknown,Weak Passwords,Firewall,65.0
Australia,2019,Ddos,Education,54.63,22739.0,Insider,Unpatched Software,Firewall,44.0
Uk,2015,Man-In-The-Middle,Retail,7.92,657442.0,Nation-State,Social Engineering,Firewall,29.0
Brazil,2018,Phishing,Education,57.59,257681.0,Nation-State,Zero-Day,Antivirus,40.0
Japan,2021,Man-In-The-Middle,Retail,9.97,536471.0,Hacker Group,Weak Passwords,Encryption,72.0
France,2015,Ransomware,It,84.02,824619.0,Unknown,Social Engineering,Firewall,21.0
Russia,2016,Sql Injection,Government,77.94,538804.0,Hacker Group,Weak Passwords,Vpn,43.0
Japan,2023,Phishing,Healthcare,49.32,463704.0,Hacker Group,Weak Passwords,Firewall,36.0
China,2021,Man-In-The-Middle,Telecommunications,66.61,596341.0,Insider,Zero-Day,Ai-Based Detection,9.0
Brazil,2020,Malware,Retail,89.71,529588.0,Nation-State,Weak Passwords,Ai-Based Detection,65.0
Germany,2018,Man-In-The-Middle,Retail,43.28,22241.0,Hacker Group,Zero-Day,Firewall,5.0
Brazil,2022,Phishing,Banking,21.65,434936.0,Hacker Group,Zero-Day,Encryption,24.0
Japan,2019,Malware,It,33.61,52191.0,Nation-State,Weak Passwords,Antivirus,72.0
Australia,2015,Malware,Banking,8.24,242247.0,Insider,Social Engineering,Antivirus,29.0
Brazil,2020,Phishing,Banking,34.5,372427.0,Insider,Weak Passwords,Vpn,36.0
Brazil,2021,Ransomware,Healthcare,67.25,796351.0,Nation-State,Weak Passwords,Ai-Based Detection,21.0
Japan,2020,Sql Injection,Telecommunications,38.29,505831.0,Hacker Group,Social Engineering,Encryption,40.0
Germany,2020,Malware,Government,32.59,743344.0,Insider,Zero-Day,Vpn,4.0
China,2017,Phishing,Healthcare,70.4,651809.0,Unknown,Unpatched Software,Firewall,17.0
Brazil,2023,Sql Injection,Telecommunications,31.54,839281.0,Insider,Weak Passwords,Encryption,25.0
Brazil,2018,Sql Injection,Retail,84.79,99876.0,Insider,Unpatched Software,Firewall,56.0
Uk,2016,Sql Injection,Telecommunications,98.39,836521.0,Insider,Weak Passwords,Firewall,19.0
Japan,2022,Sql Injection,Retail,43.73,392831.0,Nation-State,Weak Passwords,Ai-Based Detection,71.0
China,2015,Ransomware,Government,86.88,99312.0,Unknown,Zero-Day,Ai-Based Detection,60.0
Japan,2017,Malware,Education,26.24,945147.0,Insider,Zero-Day,Ai-Based Detection,20.0
Usa,2018,Phishing,It,26.29,943039.0,Insider,Zero-Day,Firewall,28.0
Brazil,2016,Malware,Retail,76.81,505132.5,Unknown,Unpatched Software,Ai-Based Detection,36.0
Usa,2016,Malware,Banking,36.2,194553.0,Hacker Group,Social Engineering,Antivirus,48.0
China,2022,Ransomware,Banking,49.56,257224.0,Hacker Group,Social Engineering,Firewall,46.0
India,2019,Ddos,Banking,58.96,891815.0,Unknown,Weak Passwords,Antivirus,19.0
China,2020,Ransomware,Banking,98.05,168617.0,Hacker Group,Unpatched Software,Vpn,16.0
Uk,2016,Ransomware,Government,83.67,701152.0,Nation-State,Social Engineering,Firewall,53.0
Usa,2023,Sql Injection,Banking,30.66,749609.0,Nation-State,Zero-Day,Ai-Based Detection,28.0
Uk,2024,Man-In-The-Middle,Government,86.74,658712.0,Hacker Group,Unpatched Software,Vpn,25.0
China,2022,Ddos,Banking,77.74,642501.0,Hacker Group,Zero-Day,Ai-Based Detection,19.0
Australia,2017,Malware,Banking,92.65,817255.0,Hacker Group,Weak Passwords,Antivirus,62.0
China,2021,Ransomware,Government,5.96,92237.0,Nation-State,Weak Passwords,Ai-Based Detection,47.0
Australia,2023,Man-In-The-Middle,Telecommunications,66.91,156195.0,Nation-State,Unpatched Software,Firewall,58.0
India,2016,Man-In-The-Middle,It,23.38,618125.0,Nation-State,Zero-Day,Vpn,16.0
Australia,2021,Man-In-The-Middle,Banking,82.04,828293.0,Unknown,Weak Passwords,Antivirus,64.0
Brazil,2017,Malware,Telecommunications,6.09,436100.0,Unknown,Zero-Day,Encryption,12.0
Usa,2020,Ddos,Retail,14.12,787194.0,Unknown,Zero-Day,Vpn,51.0
France,2021,Phishing,Retail,31.52,380086.0,Nation-State,Social Engineering,Encryption,65.0
India,2024,Malware,Healthcare,13.74,330581.0,Unknown,Zero-Day,Ai-Based Detection,54.0
Australia,2017,Sql Injection,It,99.99,672966.0,Unknown,Zero-Day,Firewall,13.0
India,2022,Malware,Telecommunications,19.56,772330.0,Hacker Group,Unpatched Software,Encryption,20.0
Japan,2018,Man-In-The-Middle,Telecommunications,81.61,255844.0,Insider,Unpatched Software,Encryption,8.0
Germany,2017,Phishing,Government,80.7,107009.0,Nation-State,Social Engineering,Encryption,67.0
Japan,2020,Sql Injection,Retail,10.41,872095.0,Nation-State,Unpatched Software,Firewall,44.0
France,2015,Ddos,Banking,85.36,50427.0,Hacker Group,Zero-Day,Encryption,5.0
Usa,2017,Phishing,Retail,15.24,599197.0,Unknown,Zero-Day,Ai-Based Detection,8.0
Brazil,2022,Malware,Telecommunications,40.08,505132.5,Nation-State,Zero-Day,Antivirus,10.0
China,2021,Ddos,Telecommunications,10.2,950257.0,Nation-State,Weak Passwords,Ai-Based Detection,61.0
Australia,2022,Phishing,Healthcare,72.53,496317.0,Hacker Group,Weak Passwords,Antivirus,62.0
Brazil,2017,Man-In-The-Middle,Healthcare,96.36,596078.0,Hacker Group,Weak Passwords,Encryption,10.0
Uk,2019,Ransomware,Banking,88.63,701522.0,Insider,Zero-Day,Vpn,10.0
India,2015,Man-In-The-Middle,Healthcare,37.15,357124.0,Nation-State,Weak Passwords,Antivirus,31.0
Germany,2022,Sql Injection,Government,47.92,112688.0,Nation-State,Social Engineering,Vpn,15.0
India,2018,Phishing,Retail,14.46,743107.0,Hacker Group,Social Engineering,Vpn,49.0
India,2022,Man-In-The-Middle,Banking,32.47,947465.0,Unknown,Unpatched Software,Ai-Based Detection,69.0
Japan,2019,Ransomware,Government,81.97,358572.0,Hacker Group,Weak Passwords,Vpn,48.0
India,2024,Malware,It,92.08,430701.0,Hacker Group,Unpatched Software,Vpn,54.0
Uk,2021,Ddos,Banking,94.48,281900.0,Hacker Group,Zero-Day,Antivirus,1.0
Australia,2021,Malware,It,84.74,391257.0,Hacker Group,Zero-Day,Ai-Based Detection,66.0
China,2019,Man-In-The-Middle,Banking,81.8,277875.0,Nation-State,Social Engineering,Antivirus,43.0
Japan,2015,Ddos,It,33.27,207244.0,Unknown,Zero-Day,Antivirus,38.0
India,2018,Malware,Healthcare,66.96,294133.0,Unknown,Social Engineering,Vpn,20.0
Brazil,2023,Ransomware,Telecommunications,71.4,66852.0,Hacker Group,Weak Passwords,Vpn,58.0
China,2024,Phishing,Telecommunications,67.47,54722.0,Nation-State,Social Engineering,Encryption,13.0
Australia,2022,Phishing,Education,17.32,178951.0,Nation-State,Weak Passwords,Antivirus,26.0
Usa,2020,Ransomware,Healthcare,17.24,682791.0,Insider,Social Engineering,Encryption,44.0
Russia,2016,Sql Injection,Education,17.05,888205.0,Nation-State,Weak Passwords,Ai-Based Detection,38.0
France,2022,Phishing,It,52.19,794901.0,Insider,Zero-Day,Vpn,26.0
France,2018,Ddos,Government,27.44,978683.0,Insider,Zero-Day,Vpn,35.0
Australia,2015,Phishing,Telecommunications,73.77,639279.0,Nation-State,Zero-Day,Vpn,44.0
Uk,2020,Malware,Retail,10.94,675338.0,Hacker Group,Weak Passwords,Vpn,54.0
Australia,2021,Man-In-The-Middle,Government,42.24,147589.0,Insider,Unpatched Software,Antivirus,31.0
Australia,2017,Ddos,Government,82.39,646824.0,Hacker Group,Zero-Day,Ai-Based Detection,2.0
China,2016,Phishing,Government,37.62,465317.0,Insider,Social Engineering,Firewall,20.0
Usa,2022,Malware,It,21.53,233379.0,Unknown,Unpatched Software,Antivirus,50.0
China,2023,Malware,It,43.51,684108.0,Unknown,Weak Passwords,Firewall,24.0
Russia,2020,Ddos,Healthcare,44.32,130510.0,Unknown,Social Engineering,Ai-Based Detection,66.0
Brazil,2016,Man-In-The-Middle,Banking,43.45,489853.0,Nation-State,Zero-Day,Ai-Based Detection,28.0
Uk,2022,Malware,Healthcare,47.92,25905.0,Nation-State,Unpatched Software,Vpn,40.0
Japan,2023,Malware,It,73.74,795367.0,Hacker Group,Zero-Day,Ai-Based Detection,36.0
Australia,2023,Man-In-The-Middle,Retail,93.25,349335.0,Nation-State,Zero-Day,Firewall,27.0
Usa,2015,Ransomware,Banking,50.99,366147.0,Hacker Group,Weak Passwords,Vpn,38.0
India,2018,Phishing,Government,41.1,25094.0,Nation-State,Unpatched Software,Antivirus,42.0
Russia,2024,Phishing,Retail,44.08,988889.0,Nation-State,Unpatched Software,Encryption,31.0
Japan,2022,Man-In-The-Middle,It,65.19,216303.0,Hacker Group,Unpatched Software,Ai-Based Detection,49.0
Australia,2022,Ransomware,Healthcare,21.54,388211.0,Nation-State,Weak Passwords,Antivirus,22.0
Usa,2022,Man-In-The-Middle,Education,83.61,30235.0,Insider,Weak Passwords,Encryption,47.0
Usa,2023,Malware,Banking,13.99,109083.0,Nation-State,Weak Passwords,Antivirus,49.0
Germany,2017,Malware,Healthcare,49.09,397361.0,Hacker Group,Weak Passwords,Encryption,57.0
Uk,2016,Ransomware,Retail,32.16,329026.0,Nation-State,Zero-Day,Vpn,31.0
Australia,2017,Man-In-The-Middle,It,45.5,889521.0,Nation-State,Weak Passwords,Encryption,51.0
Usa,2018,Sql Injection,Healthcare,73.16,849755.0,Insider,Weak Passwords,Encryption,46.0
China,2021,Phishing,Banking,70.2,631101.0,Unknown,Zero-Day,Firewall,36.0
Japan,2016,Ddos,Banking,10.62,625954.0,Insider,Weak Passwords,Ai-Based Detection,71.0
Japan,2023,Man-In-The-Middle,It,26.65,220769.0,Unknown,Zero-Day,Vpn,36.0
China,2018,Sql Injection,Healthcare,52.01,527443.0,Hacker Group,Unpatched Software,Firewall,24.0
Germany,2020,Ddos,Government,32.71,846169.0,Hacker Group,Zero-Day,Vpn,59.0
China,2017,Malware,Education,47.46,783239.0,Unknown,Social Engineering,Vpn,36.0
China,2022,Malware,Telecommunications,11.39,104772.0,Unknown,Social Engineering,Firewall,43.0
Germany,2015,Ddos,Telecommunications,31.68,33098.0,Hacker Group,Zero-Day,Ai-Based Detection,8.0
Uk,2024,Man-In-The-Middle,Healthcare,65.78,512847.0,Insider,Social Engineering,Encryption,72.0
Australia,2018,Sql Injection,Banking,71.01,840106.0,Insider,Weak Passwords,Vpn,44.0
Brazil,2024,Sql Injection,Healthcare,69.57,269458.0,Insider,Zero-Day,Firewall,15.0
Germany,2021,Ransomware,Healthcare,66.84,505132.5,Unknown,Zero-Day,Antivirus,50.0
Russia,2018,Phishing,Banking,5.25,605947.0,Insider,Zero-Day,Firewall,13.0
Japan,2018,Sql Injection,Education,60.57,468399.0,Nation-State,Zero-Day,Vpn,56.0
India,2015,Ransomware,It,61.68,503774.0,Hacker Group,Zero-Day,Firewall,37.0
France,2021,Phishing,Retail,45.74,754278.0,Insider,Social Engineering,Firewall,46.0
Uk,2019,Sql Injection,It,89.81,126120.0,Unknown,Social Engineering,Encryption,39.0
Uk,2018,Malware,It,73.27,210024.0,Hacker Group,Weak Passwords,Antivirus,20.0
France,2022,Ddos,Banking,51.33,970775.0,Insider,Unpatched Software,Ai-Based Detection,21.0
France,2017,Ransomware,Education,19.84,832471.0,Insider,Social Engineering,Firewall,54.0
India,2024,Phishing,It,97.25,165316.0,Unknown,Zero-Day,Encryption,61.0
Australia,2016,Ddos,Retail,2.96,990886.0,Insider,Weak Passwords,Ai-Based Detection,59.0
Uk,2021,Malware,Telecommunications,82.28,370146.0,Nation-State,Zero-Day,Vpn,55.0
China,2021,Phishing,Retail,49.59,284823.0,Unknown,Social Engineering,Antivirus,50.0
Uk,2016,Malware,Healthcare,65.14,742857.0,Nation-State,Weak Passwords,Antivirus,49.0
Brazil,2024,Ddos,Healthcare,70.0,484101.0,Hacker Group,Unpatched Software,Vpn,9.0
Uk,2015,Ransomware,Telecommunications,22.58,368441.0,Hacker Group,Weak Passwords,Ai-Based Detection,71.0
Russia,2019,Malware,Banking,55.42,945465.0,Unknown,Weak Passwords,Firewall,5.0
Usa,2016,Ddos,Healthcare,50.99,551900.0,Unknown,Social Engineering,Vpn,17.0
Uk,2021,Malware,Banking,73.02,731722.0,Hacker Group,Weak Passwords,Antivirus,28.0
Germany,2018,Phishing,Banking,88.73,436597.0,Insider,Unpatched Software,Ai-Based Detection,33.0
France,2020,Ddos,Education,16.35,728830.0,Insider,Zero-Day,Ai-Based Detection,45.0
Usa,2022,Ransomware,It,85.61,826018.0,Hacker Group,Weak Passwords,Firewall,24.0
Russia,2020,Ransomware,Telecommunications,76.61,791323.0,Insider,Unpatched Software,Encryption,40.0
Usa,2015,Sql Injection,Banking,42.77,505132.5,Insider,Unpatched Software,Firewall,19.0
Japan,2023,Ransomware,Retail,95.3,986882.0,Hacker Group,Weak Passwords,Encryption,36.0
France,2016,Phishing,It,78.12,770227.0,Unknown,Zero-Day,Antivirus,20.0
China,2024,Sql Injection,Government,21.33,997411.0,Nation-State,Social Engineering,Antivirus,36.0
Japan,2020,Malware,Education,66.93,640603.0,Hacker Group,Unpatched Software,Vpn,23.0
Brazil,2024,Phishing,Telecommunications,81.54,499671.0,Hacker Group,Weak Passwords,Vpn,4.0
India,2022,Phishing,Retail,12.64,805905.0,Nation-State,Social Engineering,Firewall,54.0
France,2017,Phishing,Retail,43.2,377252.0,Nation-State,Unpatched Software,Encryption,8.0
Usa,2018,Ransomware,Retail,20.58,653168.0,Unknown,Weak Passwords,Ai-Based Detection,3.0
Brazil,2017,Phishing,It,26.62,955790.0,Nation-State,Zero-Day,Encryption,44.0
Usa,2018,Phishing,Telecommunications,15.56,734448.0,Unknown,Social Engineering,Encryption,37.0
China,2021,Ransomware,Retail,12.97,425647.0,Unknown,Zero-Day,Antivirus,4.0
France,2019,Sql Injection,Banking,98.04,278315.0,Unknown,Unpatched Software,Antivirus,3.0
Uk,2020,Man-In-The-Middle,Telecommunications,63.35,294447.0,Unknown,Zero-Day,Ai-Based Detection,54.0
Brazil,2020,Ddos,Education,26.57,505132.5,Insider,Zero-Day,Ai-Based Detection,19.0
Japan,2020,Man-In-The-Middle,Education,29.58,141411.0,Insider,Unpatched Software,Ai-Based Detection,58.0
France,2023,Phishing,Healthcare,72.54,581712.0,Unknown,Social Engineering,Vpn,36.0
Uk,2022,Ransomware,Education,35.16,100749.0,Unknown,Zero-Day,Firewall,62.0
Russia,2019,Malware,Education,56.94,217880.0,Nation-State,Unpatched Software,Antivirus,48.0
France,2023,Man-In-The-Middle,Telecommunications,99.71,357542.0,Hacker Group,Zero-Day,Antivirus,21.0
Uk,2021,Malware,Telecommunications,77.18,347426.0,Hacker Group,Zero-Day,Antivirus,36.0
France,2018,Man-In-The-Middle,Education,36.92,829140.0,Nation-State,Unpatched Software,Encryption,2.0
France,2017,Sql Injection,Banking,42.8,683189.0,Unknown,Zero-Day,Vpn,19.0
India,2019,Ransomware,Banking,89.41,453441.0,Hacker Group,Unpatched Software,Vpn,29.0
Australia,2017,Malware,It,33.34,673439.0,Insider,Weak Passwords,Firewall,13.0
Brazil,2016,Sql Injection,Telecommunications,13.94,832297.0,Nation-State,Weak Passwords,Ai-Based Detection,69.0
India,2018,Phishing,It,13.05,400964.0,Nation-State,Weak Passwords,Vpn,19.0
France,2019,Ddos,Telecommunications,52.94,192293.0,Nation-State,Weak Passwords,Vpn,57.0
Russia,2019,Man-In-The-Middle,Banking,26.02,565292.0,Insider,Unpatched Software,Antivirus,27.0
Brazil,2016,Phishing,Education,9.23,774750.0,Nation-State,Social Engineering,Firewall,70.0
France,2022,Phishing,It,78.2,666996.0,Insider,Weak Passwords,Encryption,36.0
Germany,2016,Malware,Healthcare,94.12,21382.0,Unknown,Weak Passwords,Encryption,21.0
Germany,2021,Phishing,Telecommunications,55.14,505132.5,Nation-State,Unpatched Software,Ai-Based Detection,59.0
Russia,2022,Ransomware,Telecommunications,16.98,905673.0,Insider,Weak Passwords,Vpn,36.0
India,2024,Man-In-The-Middle,Retail,30.59,619881.0,Unknown,Unpatched Software,Antivirus,42.0
France,2015,Malware,Banking,20.27,987350.0,Insider,Zero-Day,Antivirus,4.0
Usa,2019,Phishing,Education,97.32,849084.0,Nation-State,Zero-Day,Vpn,62.0
Uk,2017,Phishing,Education,13.06,799627.0,Hacker Group,Weak Passwords,Antivirus,36.0
France,2023,Man-In-The-Middle,Education,87.39,307155.0,Unknown,Unpatched Software,Antivirus,28.0
Japan,2024,Ransomware,Retail,88.36,989106.0,Unknown,Zero-Day,Firewall,3.0
India,2020,Man-In-The-Middle,Retail,84.77,129144.0,Hacker Group,Weak Passwords,Antivirus,25.0
Uk,2015,Malware,Government,57.81,767562.0,Unknown,Zero-Day,Antivirus,61.0
Brazil,2015,Malware,It,74.03,956965.0,Hacker Group,Unpatched Software,Encryption,40.0
Germany,2023,Phishing,Retail,87.55,291580.0,Unknown,Unpatched Software,Firewall,25.0
Germany,2017,Ransomware,Education,50.99,950276.0,Hacker Group,Unpatched Software,Firewall,31.0
Uk,2017,Man-In-The-Middle,Telecommunications,89.07,932075.0,Unknown,Unpatched Software,Firewall,72.0
Germany,2015,Ddos,Healthcare,33.96,931456.0,Hacker Group,Zero-Day,Ai-Based Detection,22.0
Japan,2023,Ransomware,Retail,28.77,983880.0,Nation-State,Unpatched Software,Antivirus,54.0
China,2022,Phishing,Education,18.49,20680.0,Nation-State,Social Engineering,Firewall,29.0
Australia,2018,Malware,Education,21.39,437056.0,Hacker Group,Zero-Day,Ai-Based Detection,52.0
India,2021,Malware,Government,57.91,769222.0,Insider,Weak Passwords,Antivirus,32.0
Australia,2022,Malware,Government,4.5,436928.0,Unknown,Social Engineering,Antivirus,34.0
China,2021,Ddos,Banking,38.67,340194.0,Unknown,Weak Passwords,Vpn,44.0
India,2019,Ddos,It,44.01,612030.0,Nation-State,Unpatched Software,Antivirus,47.0
Australia,2019,Man-In-The-Middle,It,87.89,551100.0,Insider,Zero-Day,Vpn,9.0
Brazil,2022,Phishing,Banking,26.02,251768.0,Unknown,Social Engineering,Vpn,6.0
Japan,2015,Ddos,Retail,11.69,680720.0,Nation-State,Zero-Day,Encryption,2.0
Usa,2017,Ddos,Telecommunications,50.99,156213.0,Nation-State,Zero-Day,Vpn,9.0
Japan,2020,Man-In-The-Middle,Retail,33.75,468856.0,Hacker Group,Unpatched Software,Firewall,15.0
France,2023,Ransomware,Government,63.45,90678.0,Nation-State,Unpatched Software,Firewall,22.0
Uk,2022,Ddos,Retail,45.73,554585.0,Hacker Group,Social Engineering,Vpn,63.0
China,2021,Man-In-The-Middle,Banking,33.3,935265.0,Nation-State,Unpatched Software,Firewall,36.0
Japan,2023,Sql Injection,Banking,43.96,459922.0,Unknown,Zero-Day,Encryption,12.0
France,2017,Ddos,Healthcare,6.72,782873.0,Hacker Group,Zero-Day,Encryption,4.0
Uk,2020,Ransomware,Banking,53.03,528708.0,Unknown,Social Engineering,Vpn,14.0
Germany,2020,Sql Injection,Healthcare,38.89,513096.0,Hacker Group,Weak Passwords,Vpn,57.0
Australia,2018,Ddos,Education,79.5,636407.0,Hacker Group,Zero-Day,Encryption,11.0
Usa,2020,Ransomware,Retail,38.02,419557.0,Unknown,Weak Passwords,Antivirus,2.0
Brazil,2018,Ddos,Healthcare,47.47,784099.0,Insider,Social Engineering,Ai-Based Detection,30.0
Japan,2024,Malware,Telecommunications,71.18,37870.0,Nation-State,Zero-Day,Ai-Based Detection,31.0
Brazil,2022,Malware,It,4.08,291590.0,Hacker Group,Zero-Day,Antivirus,22.0
India,2018,Sql Injection,Telecommunications,15.96,444408.0,Unknown,Weak Passwords,Ai-Based Detection,64.0
Germany,2015,Malware,Banking,56.13,526658.0,Nation-State,Weak Passwords,Vpn,38.0
Japan,2022,Malware,Retail,30.53,333238.0,Hacker Group,Social Engineering,Firewall,20.0
Australia,2020,Ddos,Retail,31.36,449936.0,Insider,Weak Passwords,Vpn,52.0
Germany,2023,Malware,Retail,71.05,61238.0,Unknown,Unpatched Software,Ai-Based Detection,41.0
Usa,2024,Malware,Education,24.93,916209.0,Unknown,Zero-Day,Encryption,50.0
India,2022,Ddos,Banking,13.97,762440.0,Nation-State,Unpatched Software,Ai-Based Detection,19.0
China,2021,Malware,Banking,92.2,248859.0,Nation-State,Social Engineering,Antivirus,33.0
Russia,2015,Sql Injection,It,47.8,645774.0,Hacker Group,Social Engineering,Firewall,7.0
Brazil,2024,Man-In-The-Middle,Healthcare,61.55,218189.0,Unknown,Weak Passwords,Ai-Based Detection,48.0
China,2015,Man-In-The-Middle,Banking,66.47,623301.0,Hacker Group,Social Engineering,Vpn,40.0
Germany,2017,Ransomware,Education,10.32,195872.0,Hacker Group,Social Engineering,Antivirus,22.0
Germany,2016,Sql Injection,It,76.36,807745.0,Unknown,Unpatched Software,Ai-Based Detection,71.0
France,2020,Ransomware,Healthcare,25.49,50385.0,Unknown,Unpatched Software,Antivirus,10.0
Brazil,2017,Malware,Banking,73.71,377769.0,Hacker Group,Zero-Day,Firewall,38.0
Uk,2018,Ransomware,Telecommunications,99.41,355256.0,Hacker Group,Unpatched Software,Firewall,51.0
Uk,2017,Ddos,Government,65.57,478549.0,Hacker Group,Weak Passwords,Antivirus,37.0
Germany,2022,Malware,Retail,60.85,125300.0,Insider,Weak Passwords,Ai-Based Detection,36.0
France,2018,Ransomware,Education,34.54,608196.0,Insider,Weak Passwords,Ai-Based Detection,25.0
China,2023,Phishing,Government,43.49,27694.0,Unknown,Weak Passwords,Encryption,30.0
China,2017,Man-In-The-Middle,Retail,30.38,29840.0,Hacker Group,Weak Passwords,Ai-Based Detection,63.0
Russia,2015,Phishing,Banking,4.59,720643.0,Unknown,Social Engineering,Firewall,19.0
Germany,2015,Man-In-The-Middle,It,54.54,775866.0,Insider,Weak Passwords,Ai-Based Detection,69.0
Usa,2021,Phishing,Retail,95.86,671335.0,Hacker Group,Zero-Day,Antivirus,62.0
Usa,2017,Ddos,Banking,98.07,276199.0,Unknown,Weak Passwords,Antivirus,28.0
Uk,2015,Ransomware,It,75.49,534962.0,Unknown,Weak Passwords,Encryption,59.0
Uk,2022,Phishing,Telecommunications,50.99,758516.0,Hacker Group,Zero-Day,Antivirus,16.0
Australia,2018,Phishing,Education,82.18,943662.0,Unknown,Weak Passwords,Antivirus,36.0
Germany,2019,Ransomware,Government,99.3,257068.0,Hacker Group,Social Engineering,Ai-Based Detection,17.0
Usa,2015,Ddos,Education,66.04,75167.0,Insider,Unpatched Software,Vpn,13.0
Germany,2017,Sql Injection,Retail,88.18,3200.0,Insider,Weak Passwords,Ai-Based Detection,43.0
Japan,2018,Ransomware,It,60.82,917016.0,Unknown,Weak Passwords,Vpn,39.0
Uk,2020,Sql Injection,Banking,40.31,760892.0,Hacker Group,Zero-Day,Vpn,22.0
Uk,2021,Sql Injection,Banking,1.47,204624.0,Unknown,Unpatched Software,Vpn,33.0
India,2020,Ddos,Healthcare,16.65,324899.0,Insider,Unpatched Software,Firewall,57.0
Australia,2023,Ransomware,Government,96.44,472878.0,Unknown,Social Engineering,Firewall,37.0
France,2022,Malware,Retail,13.77,804221.0,Nation-State,Zero-Day,Firewall,68.0
Russia,2023,Ransomware,Banking,54.09,514319.0,Hacker Group,Zero-Day,Firewall,36.0
Usa,2016,Man-In-The-Middle,Education,2.17,180599.0,Insider,Social Engineering,Antivirus,4.0
China,2017,Sql Injection,Retail,61.83,129677.0,Hacker Group,Unpatched Software,Firewall,60.0
Usa,2016,Ransomware,Telecommunications,99.88,999508.0,Unknown,Unpatched Software,Vpn,23.0
Australia,2019,Sql Injection,Healthcare,3.92,915247.0,Nation-State,Zero-Day,Encryption,36.0
Japan,2015,Man-In-The-Middle,Education,50.99,685261.0,Nation-State,Unpatched Software,Ai-Based Detection,36.0
Uk,2023,Ddos,Government,34.8,48515.0,Hacker Group,Social Engineering,Encryption,50.0
China,2017,Man-In-The-Middle,Government,49.37,613786.0,Nation-State,Unpatched Software,Antivirus,24.0
Australia,2016,Ddos,Education,61.23,228033.0,Nation-State,Unpatched Software,Encryption,43.0
India,2019,Sql Injection,Education,95.54,862718.0,Hacker Group,Weak Passwords,Antivirus,44.0
Russia,2017,Ransomware,Healthcare,50.99,924837.0,Hacker Group,Unpatched Software,Firewall,62.0
Japan,2018,Sql Injection,Government,50.99,876850.0,Insider,Weak Passwords,Ai-Based Detection,8.0
Germany,2017,Phishing,Banking,10.56,556014.0,Nation-State,Unpatched Software,Encryption,11.0
Brazil,2021,Phishing,Government,42.82,974362.0,Insider,Unpatched Software,Encryption,70.0
India,2017,Man-In-The-Middle,It,68.68,725608.0,Insider,Zero-Day,Ai-Based Detection,15.0
Russia,2019,Man-In-The-Middle,Education,6.79,386691.0,Nation-State,Weak Passwords,Ai-Based Detection,20.0
India,2017,Sql Injection,Government,40.98,402855.0,Insider,Social Engineering,Ai-Based Detection,26.0
Japan,2018,Phishing,Healthcare,25.66,518357.0,Insider,Weak Passwords,Firewall,42.0
Usa,2018,Phishing,Banking,29.35,724633.0,Unknown,Weak Passwords,Encryption,26.0
Germany,2015,Ransomware,It,6.74,742272.0,Nation-State,Zero-Day,Antivirus,64.0
Brazil,2024,Malware,It,83.09,650093.0,Unknown,Social Engineering,Antivirus,58.0
Japan,2021,Phishing,Banking,94.32,755165.0,Hacker Group,Social Engineering,Antivirus,28.0
Uk,2021,Ddos,It,67.12,581923.0,Hacker Group,Social Engineering,Vpn,63.0
Australia,2024,Man-In-The-Middle,Retail,76.83,637189.0,Hacker Group,Unpatched Software,Antivirus,56.0
Usa,2017,Ddos,Retail,70.37,513625.0,Nation-State,Weak Passwords,Vpn,37.0
Germany,2024,Phishing,Government,22.46,499142.0,Nation-State,Unpatched Software,Vpn,70.0
Usa,2024,Phishing,Healthcare,17.64,8334.0,Unknown,Zero-Day,Firewall,13.0
Usa,2020,Phishing,Government,37.3,617277.0,Insider,Social Engineering,Antivirus,4.0
Usa,2018,Man-In-The-Middle,Education,2.17,614662.0,Unknown,Weak Passwords,Vpn,37.0
China,2024,Ddos,Banking,99.99,755185.0,Unknown,Weak Passwords,Encryption,20.0
Russia,2018,Ddos,It,37.84,839882.0,Unknown,Social Engineering,Ai-Based Detection,7.0
Russia,2021,Ransomware,Education,86.8,852965.0,Nation-State,Weak Passwords,Antivirus,39.0
Brazil,2021,Man-In-The-Middle,Banking,3.69,566386.0,Insider,Unpatched Software,Encryption,45.0
Japan,2017,Phishing,It,73.85,402903.0,Insider,Zero-Day,Encryption,55.0
Uk,2018,Ddos,Retail,0.5,261266.0,Hacker Group,Weak Passwords,Firewall,63.0
France,2015,Malware,It,91.94,899215.0,Hacker Group,Weak Passwords,Antivirus,59.0
China,2022,Man-In-The-Middle,Education,35.37,455900.0,Hacker Group,Zero-Day,Antivirus,36.0
Japan,2023,Phishing,Government,50.99,391049.0,Unknown,Weak Passwords,Antivirus,35.0
France,2020,Ransomware,Government,81.53,694660.0,Unknown,Weak Passwords,Encryption,29.0
Germany,2020,Ddos,It,63.96,650469.0,Unknown,Unpatched Software,Antivirus,58.0
Usa,2020,Sql Injection,It,68.17,247149.0,Nation-State,Unpatched Software,Antivirus,47.0
Japan,2019,Ddos,Education,15.54,645578.0,Insider,Weak Passwords,Ai-Based Detection,56.0
Germany,2019,Sql Injection,Government,67.05,848517.0,Unknown,Zero-Day,Antivirus,16.0
France,2019,Malware,Healthcare,25.19,897755.0,Hacker Group,Social Engineering,Antivirus,61.0
Usa,2023,Ransomware,Government,93.34,999635.0,Nation-State,Weak Passwords,Antivirus,24.0
Brazil,2017,Phishing,Government,87.27,767721.0,Unknown,Weak Passwords,Encryption,9.0
India,2019,Phishing,It,33.15,629687.0,Unknown,Social Engineering,Firewall,53.0
India,2021,Phishing,Retail,38.5,517843.0,Unknown,Unpatched Software,Vpn,36.0
Russia,2015,Ddos,Healthcare,20.92,807631.0,Nation-State,Weak Passwords,Firewall,56.0
France,2024,Phishing,Retail,98.95,354954.0,Nation-State,Social Engineering,Ai-Based Detection,14.0
Japan,2017,Sql Injection,Healthcare,54.26,839368.0,Insider,Unpatched Software,Antivirus,40.0
Australia,2018,Ddos,Healthcare,10.77,910081.0,Nation-State,Zero-Day,Vpn,28.0
Usa,2024,Phishing,It,87.42,979700.0,Unknown,Weak Passwords,Firewall,49.0
China,2019,Man-In-The-Middle,Telecommunications,58.78,586131.0,Nation-State,Unpatched Software,Antivirus,68.0
Australia,2017,Phishing,Education,82.47,317988.0,Nation-State,Zero-Day,Encryption,2.0
India,2018,Ransomware,Government,43.11,11241.0,Hacker Group,Weak Passwords,Vpn,4.0
Brazil,2016,Phishing,Education,97.98,381599.0,Unknown,Weak Passwords,Encryption,66.0
Usa,2016,Sql Injection,Education,16.5,347293.0,Nation-State,Unpatched Software,Firewall,65.0
Uk,2023,Ransomware,It,86.23,82321.0,Unknown,Zero-Day,Firewall,47.0
Germany,2023,Phishing,Retail,49.76,460558.0,Nation-State,Zero-Day,Vpn,61.0
Germany,2022,Man-In-The-Middle,Telecommunications,62.83,828280.0,Hacker Group,Social Engineering,Vpn,62.0
India,2020,Malware,Education,20.14,287352.0,Unknown,Zero-Day,Firewall,69.0
Australia,2020,Ransomware,Government,25.9,946651.0,Insider,Unpatched Software,Vpn,67.0
Japan,2017,Phishing,Education,88.43,954423.0,Unknown,Unpatched Software,Firewall,6.0
Australia,2022,Ransomware,Banking,32.56,979382.0,Nation-State,Social Engineering,Antivirus,43.0
Brazil,2017,Ddos,Government,58.67,12372.0,Nation-State,Social Engineering,Encryption,29.0
Japan,2022,Phishing,It,6.49,195044.0,Unknown,Unpatched Software,Ai-Based Detection,20.0
Japan,2019,Ransomware,Telecommunications,34.93,721984.0,Nation-State,Weak Passwords,Vpn,44.0
Uk,2022,Ddos,Education,71.55,654253.0,Insider,Zero-Day,Vpn,36.0
Brazil,2015,Malware,Healthcare,23.01,686119.0,Insider,Weak Passwords,Vpn,25.0
Australia,2017,Man-In-The-Middle,Healthcare,93.91,776634.0,Unknown,Weak Passwords,Encryption,33.0
India,2020,Ransomware,It,41.09,698224.0,Insider,Unpatched Software,Vpn,21.0
Germany,2023,Malware,Government,86.77,88821.0,Unknown,Zero-Day,Antivirus,39.0
Russia,2022,Man-In-The-Middle,Banking,53.95,505132.5,Unknown,Unpatched Software,Vpn,36.0
Brazil,2016,Man-In-The-Middle,Retail,14.04,117819.0,Nation-State,Zero-Day,Antivirus,15.0
Russia,2021,Man-In-The-Middle,It,70.97,465446.0,Unknown,Unpatched Software,Encryption,51.0
Brazil,2015,Malware,Healthcare,75.72,505132.5,Unknown,Zero-Day,Ai-Based Detection,39.0
Usa,2022,Phishing,It,48.71,520480.0,Insider,Zero-Day,Vpn,36.0
Brazil,2020,Malware,Government,50.61,294668.0,Nation-State,Social Engineering,Encryption,17.0
Usa,2017,Man-In-The-Middle,Healthcare,54.54,892665.0,Insider,Unpatched Software,Vpn,31.0
Usa,2018,Ransomware,Healthcare,87.42,80926.0,Hacker Group,Unpatched Software,Antivirus,19.0
Uk,2016,Ransomware,Education,80.77,884536.0,Insider,Zero-Day,Encryption,34.0
Brazil,2015,Sql Injection,Healthcare,3.73,445422.0,Unknown,Unpatched Software,Ai-Based Detection,70.0
Russia,2020,Ransomware,Government,52.28,376628.0,Unknown,Zero-Day,Firewall,30.0
Brazil,2016,Man-In-The-Middle,Banking,50.99,378949.0,Unknown,Weak Passwords,Ai-Based Detection,67.0
Japan,2023,Phishing,It,35.27,26036.0,Hacker Group,Weak Passwords,Vpn,71.0
Usa,2020,Ddos,Government,40.98,191369.0,Insider,Unpatched Software,Firewall,65.0
India,2017,Phishing,It,93.62,899005.0,Insider,Weak Passwords,Ai-Based Detection,61.0
France,2021,Man-In-The-Middle,Education,20.57,119348.0,Nation-State,Zero-Day,Firewall,48.0
Japan,2017,Man-In-The-Middle,Telecommunications,21.8,610106.0,Unknown,Social Engineering,Encryption,39.0
Usa,2015,Phishing,Education,28.19,239853.0,Insider,Unpatched Software,Encryption,64.0
Germany,2015,Ransomware,Telecommunications,99.83,419344.0,Hacker Group,Zero-Day,Firewall,59.0
Germany,2023,Sql Injection,Healthcare,45.85,428415.0,Hacker Group,Zero-Day,Antivirus,69.0
France,2021,Malware,Banking,47.14,169113.0,Insider,Weak Passwords,Vpn,55.0
Russia,2015,Phishing,Government,24.06,867302.0,Unknown,Social Engineering,Firewall,55.0
France,2020,Ddos,It,63.87,821848.0,Insider,Unpatched Software,Firewall,60.0
Australia,2020,Malware,Government,35.96,982719.0,Unknown,Social Engineering,Encryption,26.0
Japan,2015,Ddos,Education,76.22,769794.0,Nation-State,Zero-Day,Ai-Based Detection,29.0
Usa,2023,Phishing,It,29.42,957199.0,Hacker Group,Social Engineering,Ai-Based Detection,49.0
Russia,2020,Ransomware,Education,65.73,431174.0,Unknown,Weak Passwords,Encryption,24.0
Uk,2015,Ransomware,Education,44.39,483598.0,Unknown,Zero-Day,Antivirus,29.0
Japan,2020,Malware,It,80.49,661385.0,Hacker Group,Zero-Day,Encryption,26.0
Uk,2018,Malware,Education,60.13,878362.0,Nation-State,Unpatched Software,Antivirus,57.0
Australia,2020,Man-In-The-Middle,Healthcare,56.14,401178.0,Hacker Group,Unpatched Software,Encryption,43.0
India,2022,Ransomware,Healthcare,11.57,144533.0,Unknown,Social Engineering,Encryption,67.0
Usa,2017,Ransomware,Government,89.9,828963.0,Unknown,Zero-Day,Firewall,2.0
Russia,2018,Man-In-The-Middle,Banking,63.82,505132.5,Unknown,Unpatched Software,Ai-Based Detection,42.0
Uk,2019,Man-In-The-Middle,Banking,22.94,844953.0,Unknown,Weak Passwords,Antivirus,53.0
Brazil,2020,Phishing,It,94.02,581813.0,Unknown,Social Engineering,Encryption,20.0
Japan,2017,Malware,Banking,9.76,122728.0,Unknown,Zero-Day,Ai-Based Detection,7.0
Japan,2020,Ddos,Education,39.33,267631.0,Hacker Group,Zero-Day,Antivirus,12.0
France,2019,Sql Injection,Retail,3.87,755230.0,Unknown,Weak Passwords,Ai-Based Detection,31.0
France,2018,Malware,Retail,80.37,339119.0,Unknown,Unpatched Software,Encryption,36.0
France,2015,Sql Injection,Government,14.72,540718.0,Insider,Zero-Day,Ai-Based Detection,6.0
Uk,2024,Ddos,Government,85.88,546017.0,Unknown,Social Engineering,Encryption,14.0
India,2024,Sql Injection,Retail,48.83,96083.0,Unknown,Weak Passwords,Firewall,36.0
Australia,2019,Man-In-The-Middle,Retail,60.04,366318.0,Nation-State,Unpatched Software,Vpn,35.0
China,2017,Malware,It,86.98,505132.5,Nation-State,Zero-Day,Vpn,18.0
Germany,2023,Phishing,Government,12.62,505132.5,Nation-State,Weak Passwords,Firewall,55.0
Russia,2024,Ransomware,Healthcare,63.74,83374.0,Insider,Zero-Day,Vpn,45.0
Usa,2016,Man-In-The-Middle,Banking,20.44,981595.0,Nation-State,Weak Passwords,Encryption,56.0
France,2020,Phishing,Banking,13.38,934436.0,Unknown,Unpatched Software,Firewall,64.0
India,2020,Ransomware,Healthcare,79.48,461093.0,Hacker Group,Zero-Day,Firewall,42.0
Japan,2019,Sql Injection,Banking,86.79,214195.0,Nation-State,Zero-Day,Antivirus,54.0
Germany,2021,Sql Injection,Education,17.55,519698.0,Insider,Zero-Day,Encryption,30.0
Japan,2017,Man-In-The-Middle,Banking,16.71,393738.0,Nation-State,Zero-Day,Antivirus,69.0
Usa,2015,Ddos,Government,41.75,327171.0,Unknown,Unpatched Software,Vpn,41.0
Japan,2022,Ddos,Telecommunications,94.79,534069.0,Nation-State,Social Engineering,Antivirus,6.0
France,2022,Sql Injection,Government,68.53,812679.0,Nation-State,Zero-Day,Encryption,67.0
Uk,2023,Malware,Education,23.86,552241.0,Hacker Group,Zero-Day,Encryption,50.0
China,2020,Sql Injection,Banking,80.98,708357.0,Unknown,Weak Passwords,Antivirus,49.0
Usa,2018,Man-In-The-Middle,Government,51.41,491008.0,Hacker Group,Weak Passwords,Encryption,50.0
Germany,2016,Phishing,Telecommunications,99.98,761576.0,Insider,Unpatched Software,Antivirus,9.0
India,2020,Ransomware,Government,12.64,10206.0,Hacker Group,Weak Passwords,Encryption,28.0
Australia,2021,Sql Injection,Banking,92.66,49085.0,Hacker Group,Weak Passwords,Vpn,32.0
Brazil,2017,Ddos,Government,18.69,131940.0,Nation-State,Weak Passwords,Antivirus,34.0
Uk,2021,Phishing,It,68.5,396839.0,Unknown,Zero-Day,Antivirus,60.0
Germany,2020,Ddos,Banking,76.53,46824.0,Hacker Group,Social Engineering,Vpn,39.0
Russia,2019,Ddos,It,71.22,705326.0,Hacker Group,Unpatched Software,Encryption,19.0
India,2015,Malware,Telecommunications,4.52,252949.0,Insider,Unpatched Software,Firewall,51.0
Russia,2021,Phishing,Government,45.97,699825.0,Nation-State,Unpatched Software,Antivirus,60.0
Germany,2016,Man-In-The-Middle,Banking,3.57,882784.0,Unknown,Weak Passwords,Vpn,31.0
Australia,2022,Ddos,Education,92.06,721334.0,Insider,Social Engineering,Vpn,31.0
Japan,2022,Phishing,It,71.15,840225.0,Unknown,Zero-Day,Encryption,70.0
Uk,2024,Ransomware,Telecommunications,9.74,118118.0,Unknown,Social Engineering,Vpn,17.0
Japan,2016,Phishing,Education,30.42,272199.0,Nation-State,Zero-Day,Antivirus,29.0
Uk,2016,Ransomware,Retail,59.44,964115.0,Nation-State,Unpatched Software,Firewall,48.0
Brazil,2023,Man-In-The-Middle,Education,27.58,171936.0,Hacker Group,Weak Passwords,Vpn,70.0
Japan,2022,Malware,Healthcare,73.26,841903.0,Unknown,Social Engineering,Firewall,7.0
Germany,2022,Man-In-The-Middle,Telecommunications,92.88,521871.0,Insider,Social Engineering,Encryption,6.0
Germany,2024,Malware,Government,46.25,578427.0,Hacker Group,Weak Passwords,Antivirus,16.0
France,2015,Ddos,Banking,51.64,538890.0,Nation-State,Zero-Day,Antivirus,59.0
Brazil,2022,Ddos,Telecommunications,79.5,789067.0,Hacker Group,Unpatched Software,Antivirus,63.0
Uk,2022,Ddos,It,93.96,446331.0,Nation-State,Unpatched Software,Ai-Based Detection,17.0
France,2024,Ransomware,Government,52.85,927623.0,Nation-State,Weak Passwords,Firewall,29.0
Germany,2017,Phishing,Telecommunications,84.38,724629.0,Insider,Unpatched Software,Ai-Based Detection,18.0
France,2023,Ransomware,Education,54.26,21699.0,Insider,Weak Passwords,Ai-Based Detection,32.0
Germany,2017,Sql Injection,Healthcare,12.56,135042.0,Nation-State,Weak Passwords,Antivirus,13.0
China,2020,Malware,It,95.17,884741.0,Nation-State,Zero-Day,Antivirus,30.0
Australia,2023,Ddos,It,99.62,285609.0,Unknown,Weak Passwords,Firewall,46.0
Uk,2021,Ransomware,Government,97.5,755692.0,Nation-State,Social Engineering,Ai-Based Detection,46.0
India,2023,Sql Injection,Telecommunications,80.14,241449.0,Unknown,Unpatched Software,Antivirus,27.0
Japan,2022,Ddos,It,31.5,951607.0,Unknown,Zero-Day,Ai-Based Detection,58.0
Japan,2018,Phishing,Government,32.93,774050.0,Hacker Group,Social Engineering,Firewall,40.0
Brazil,2018,Malware,Retail,83.42,538552.0,Hacker Group,Weak Passwords,Ai-Based Detection,65.0
Uk,2021,Ddos,Retail,20.39,342951.0,Nation-State,Zero-Day,Antivirus,72.0
China,2023,Ddos,Healthcare,92.58,974261.0,Hacker Group,Social Engineering,Firewall,20.0
Brazil,2019,Sql Injection,Healthcare,91.03,86583.0,Unknown,Social Engineering,Antivirus,47.0
Russia,2016,Ddos,Healthcare,90.94,326955.0,Nation-State,Zero-Day,Vpn,21.0
Japan,2017,Ddos,Healthcare,54.41,344772.0,Hacker Group,Unpatched Software,Antivirus,5.0
Russia,2015,Man-In-The-Middle,It,30.93,568075.0,Unknown,Weak Passwords,Encryption,22.0
China,2024,Ransomware,Government,24.43,693509.0,Nation-State,Unpatched Software,Firewall,70.0
India,2018,Malware,Government,25.53,505404.0,Insider,Zero-Day,Ai-Based Detection,30.0
Germany,2024,Malware,It,51.66,570159.0,Unknown,Unpatched Software,Antivirus,18.0
India,2020,Ddos,Telecommunications,50.99,208313.0,Hacker Group,Weak Passwords,Encryption,36.0
Japan,2018,Phishing,Retail,2.73,916272.0,Nation-State,Zero-Day,Antivirus,32.0
France,2015,Phishing,Banking,83.27,288526.0,Hacker Group,Unpatched Software,Encryption,66.0
Australia,2022,Malware,Government,54.17,892175.0,Insider,Zero-Day,Vpn,18.0
France,2021,Ransomware,Retail,76.83,189999.0,Unknown,Social Engineering,Vpn,57.0
Uk,2023,Sql Injection,Telecommunications,78.9,716114.0,Insider,Weak Passwords,Firewall,63.0
France,2018,Ransomware,Banking,32.5,414904.0,Nation-State,Unpatched Software,Antivirus,36.0
Germany,2019,Sql Injection,Banking,77.65,989592.0,Insider,Weak Passwords,Antivirus,49.0
Australia,2015,Phishing,Government,60.68,389782.0,Insider,Social Engineering,Firewall,45.0
Uk,2016,Malware,Healthcare,67.85,552427.0,Unknown,Zero-Day,Encryption,58.0
Russia,2022,Ransomware,Retail,44.25,933418.0,Nation-State,Zero-Day,Antivirus,15.0
India,2016,Man-In-The-Middle,Telecommunications,42.88,934333.0,Insider,Unpatched Software,Firewall,60.0
Russia,2018,Malware,Telecommunications,65.81,213558.0,Unknown,Zero-Day,Antivirus,37.0
Russia,2024,Ddos,Telecommunications,41.37,271388.0,Nation-State,Unpatched Software,Encryption,36.0
Brazil,2024,Ddos,Government,88.79,482307.0,Hacker Group,Zero-Day,Firewall,62.0
Uk,2020,Man-In-The-Middle,Telecommunications,59.32,848419.0,Insider,Unpatched Software,Vpn,27.0
Brazil,2019,Ddos,Government,54.7,615305.0,Insider,Zero-Day,Antivirus,6.0
Uk,2021,Ddos,Telecommunications,57.75,829827.0,Nation-State,Weak Passwords,Antivirus,48.0
China,2022,Man-In-The-Middle,Education,60.55,699194.0,Nation-State,Social Engineering,Encryption,45.0
France,2022,Malware,It,6.51,82276.0,Insider,Zero-Day,Firewall,26.0
Russia,2024,Phishing,It,47.56,234055.0,Unknown,Weak Passwords,Vpn,64.0
India,2019,Phishing,It,52.47,880546.0,Nation-State,Zero-Day,Vpn,39.0
China,2020,Phishing,Education,54.76,183678.0,Insider,Zero-Day,Antivirus,59.0
China,2023,Ddos,Education,42.64,720850.0,Unknown,Zero-Day,Vpn,17.0
Germany,2023,Phishing,Banking,39.53,339645.0,Unknown,Weak Passwords,Ai-Based Detection,2.0
Japan,2017,Ddos,Telecommunications,73.27,368351.0,Nation-State,Zero-Day,Antivirus,48.0
Australia,2024,Ddos,Banking,88.79,810930.0,Insider,Weak Passwords,Ai-Based Detection,36.0
France,2019,Ddos,It,13.99,966010.0,Unknown,Weak Passwords,Antivirus,20.0
Japan,2022,Man-In-The-Middle,Telecommunications,79.88,104759.0,Hacker Group,Zero-Day,Ai-Based Detection,12.0
France,2017,Phishing,Banking,77.41,654122.0,Unknown,Social Engineering,Ai-Based Detection,68.0
India,2020,Sql Injection,Telecommunications,87.44,731625.0,Nation-State,Zero-Day,Antivirus,33.0
France,2020,Ransomware,Education,47.32,848222.0,Insider,Unpatched Software,Vpn,16.0
India,2017,Man-In-The-Middle,Telecommunications,32.4,437554.0,Insider,Weak Passwords,Firewall,19.0
India,2023,Phishing,Retail,53.07,589348.0,Hacker Group,Social Engineering,Antivirus,4.0
Brazil,2024,Ransomware,Retail,68.95,322146.0,Hacker Group,Social Engineering,Encryption,70.0
India,2020,Sql Injection,Government,42.81,432917.0,Hacker Group,Unpatched Software,Ai-Based Detection,53.0
Uk,2022,Ddos,It,53.91,64163.0,Unknown,Weak Passwords,Ai-Based Detection,7.0
France,2021,Phishing,Retail,45.67,95873.0,Unknown,Unpatched Software,Antivirus,50.0
Germany,2020,Sql Injection,Healthcare,62.61,205015.0,Nation-State,Unpatched Software,Ai-Based Detection,57.0
Germany,2020,Sql Injection,Telecommunications,27.52,488501.0,Nation-State,Social Engineering,Encryption,47.0
Usa,2020,Ransomware,Retail,16.33,850758.0,Insider,Unpatched Software,Firewall,9.0
Brazil,2019,Sql Injection,Healthcare,67.42,703282.0,Insider,Weak Passwords,Encryption,2.0
Germany,2015,Sql Injection,Government,87.71,1579.0,Unknown,Unpatched Software,Antivirus,55.0
Germany,2023,Ddos,It,93.72,828721.0,Insider,Weak Passwords,Encryption,21.0
Germany,2017,Malware,Government,67.79,239402.0,Hacker Group,Zero-Day,Vpn,17.0
Russia,2024,Ddos,Education,54.4,891298.0,Insider,Social Engineering,Ai-Based Detection,60.0
Australia,2024,Man-In-The-Middle,Education,86.52,915463.0,Unknown,Weak Passwords,Antivirus,2.0
India,2018,Malware,Education,99.09,395264.0,Unknown,Weak Passwords,Antivirus,5.0
China,2015,Man-In-The-Middle,Healthcare,66.13,946668.0,Hacker Group,Unpatched Software,Encryption,67.0
Usa,2022,Malware,It,52.54,201017.0,Insider,Unpatched Software,Encryption,17.0
Germany,2022,Sql Injection,It,48.0,876383.0,Unknown,Zero-Day,Encryption,72.0
Australia,2022,Ransomware,Government,10.84,564944.0,Insider,Social Engineering,Antivirus,58.0
Russia,2023,Malware,It,6.35,259573.0,Nation-State,Zero-Day,Firewall,68.0
Japan,2020,Ddos,Education,99.83,10859.0,Nation-State,Social Engineering,Ai-Based Detection,66.0
Russia,2020,Ddos,Government,41.45,496378.0,Insider,Unpatched Software,Ai-Based Detection,42.0
Uk,2019,Man-In-The-Middle,Banking,29.92,937987.0,Hacker Group,Weak Passwords,Vpn,45.0
India,2023,Ransomware,Education,9.32,182887.0,Hacker Group,Unpatched Software,Firewall,51.0
France,2017,Man-In-The-Middle,Healthcare,34.43,927694.0,Insider,Social Engineering,Vpn,43.0
Brazil,2021,Man-In-The-Middle,Banking,81.68,893986.0,Insider,Unpatched Software,Firewall,47.0
Usa,2018,Phishing,Banking,36.85,852789.0,Hacker Group,Social Engineering,Vpn,4.0
Brazil,2022,Man-In-The-Middle,Healthcare,26.92,695427.0,Nation-State,Zero-Day,Encryption,28.0
India,2019,Ddos,Banking,35.31,961173.0,Insider,Social Engineering,Vpn,37.0
China,2018,Man-In-The-Middle,Healthcare,11.74,430760.0,Nation-State,Unpatched Software,Firewall,36.0
Germany,2016,Ransomware,Telecommunications,93.93,198764.0,Insider,Zero-Day,Encryption,40.0
Brazil,2021,Malware,Banking,34.68,505132.5,Unknown,Weak Passwords,Firewall,17.0
India,2020,Malware,It,84.43,999542.0,Hacker Group,Social Engineering,Encryption,36.0
Australia,2022,Malware,Government,24.6,221315.0,Nation-State,Unpatched Software,Vpn,53.0
Brazil,2018,Sql Injection,Education,52.7,861075.0,Hacker Group,Social Engineering,Encryption,7.0
Japan,2022,Phishing,Telecommunications,33.54,55209.0,Nation-State,Unpatched Software,Vpn,11.0
India,2018,Phishing,Education,43.54,76479.0,Insider,Zero-Day,Firewall,4.0
Japan,2016,Sql Injection,Telecommunications,37.17,728731.0,Unknown,Weak Passwords,Vpn,36.0
Japan,2017,Sql Injection,Education,36.37,161579.0,Nation-State,Zero-Day,Firewall,15.0
Germany,2019,Sql Injection,Government,56.53,362642.0,Unknown,Social Engineering,Encryption,19.0
Uk,2017,Ddos,Education,29.76,913276.0,Insider,Social Engineering,Encryption,57.0
Brazil,2019,Phishing,Government,70.6,817268.0,Nation-State,Zero-Day,Antivirus,1.0
Uk,2021,Sql Injection,It,80.05,682480.0,Hacker Group,Zero-Day,Ai-Based Detection,36.0
Usa,2024,Ddos,Telecommunications,15.53,298385.0,Hacker Group,Unpatched Software,Ai-Based Detection,11.0
China,2020,Ddos,Healthcare,6.32,682445.0,Nation-State,Zero-Day,Firewall,20.0
India,2021,Phishing,Government,18.26,78277.0,Hacker Group,Weak Passwords,Firewall,51.0
India,2023,Man-In-The-Middle,It,90.85,985267.0,Hacker Group,Unpatched Software,Firewall,48.0
Japan,2016,Man-In-The-Middle,Healthcare,2.59,603982.0,Hacker Group,Social Engineering,Firewall,18.0
Japan,2021,Ddos,Banking,74.26,81354.0,Insider,Weak Passwords,Firewall,6.0
France,2021,Phishing,Education,78.99,542754.0,Insider,Zero-Day,Vpn,42.0
Australia,2020,Phishing,Education,85.79,905386.0,Hacker Group,Zero-Day,Firewall,17.0
Uk,2021,Phishing,Banking,88.38,281387.0,Hacker Group,Social Engineering,Firewall,36.0
France,2015,Malware,Banking,30.15,205850.0,Insider,Unpatched Software,Firewall,72.0
Germany,2024,Malware,Telecommunications,70.44,998028.0,Hacker Group,Unpatched Software,Encryption,59.0
China,2022,Malware,It,20.63,780527.0,Hacker Group,Zero-Day,Antivirus,68.0
Usa,2020,Ransomware,Telecommunications,56.37,667436.0,Insider,Social Engineering,Ai-Based Detection,11.0
Japan,2022,Ransomware,Banking,71.26,440529.0,Insider,Weak Passwords,Encryption,20.0
China,2023,Man-In-The-Middle,Banking,3.47,194670.0,Nation-State,Zero-Day,Firewall,29.0
Usa,2023,Ddos,Banking,53.59,750875.0,Unknown,Weak Passwords,Encryption,30.0
China,2020,Phishing,Retail,75.95,970373.0,Unknown,Social Engineering,Ai-Based Detection,58.0
France,2024,Phishing,Retail,44.98,827399.0,Nation-State,Weak Passwords,Ai-Based Detection,25.0
Uk,2018,Man-In-The-Middle,Education,81.01,416149.0,Insider,Unpatched Software,Antivirus,56.0
Germany,2015,Ransomware,It,51.11,506625.0,Insider,Weak Passwords,Antivirus,41.0
Usa,2018,Phishing,Government,38.83,333027.0,Hacker Group,Zero-Day,Vpn,19.0
Usa,2021,Sql Injection,Telecommunications,89.93,982269.0,Insider,Unpatched Software,Antivirus,36.0
Brazil,2024,Malware,Government,78.97,505132.5,Unknown,Zero-Day,Encryption,53.0
Russia,2024,Ddos,Education,26.82,156823.0,Hacker Group,Zero-Day,Vpn,1.0
China,2017,Ddos,Education,50.99,244753.0,Insider,Zero-Day,Vpn,36.0
Russia,2022,Malware,Retail,71.15,258554.0,Unknown,Social Engineering,Ai-Based Detection,72.0
Australia,2020,Ransomware,Telecommunications,50.99,139407.0,Insider,Unpatched Software,Antivirus,41.0
France,2023,Phishing,Education,5.8,206203.0,Hacker Group,Social Engineering,Encryption,7.0
Uk,2016,Phishing,Banking,69.55,55635.0,Unknown,Weak Passwords,Encryption,13.0
Germany,2021,Ransomware,Education,11.42,55683.0,Hacker Group,Unpatched Software,Ai-Based Detection,19.0
India,2023,Phishing,Banking,87.62,210006.0,Nation-State,Social Engineering,Vpn,27.0
Russia,2015,Man-In-The-Middle,Education,98.58,816455.0,Unknown,Unpatched Software,Ai-Based Detection,40.0
Uk,2020,Sql Injection,It,87.48,53147.0,Nation-State,Social Engineering,Antivirus,9.0
Uk,2018,Sql Injection,Telecommunications,80.96,583514.0,Hacker Group,Zero-Day,Vpn,54.0
Uk,2022,Ransomware,Government,85.43,688150.0,Unknown,Weak Passwords,Firewall,58.0
Japan,2023,Phishing,Government,3.54,809443.0,Insider,Weak Passwords,Vpn,59.0
Japan,2024,Malware,Government,34.03,78149.0,Nation-State,Weak Passwords,Encryption,30.0
Australia,2018,Ddos,Banking,64.29,113775.0,Insider,Zero-Day,Ai-Based Detection,14.0
India,2021,Ransomware,Banking,54.97,798498.0,Nation-State,Zero-Day,Vpn,36.0
Brazil,2016,Phishing,Education,97.45,267789.0,Insider,Zero-Day,Encryption,26.0
Uk,2023,Sql Injection,Telecommunications,30.19,833840.0,Insider,Unpatched Software,Antivirus,6.0
Usa,2018,Ddos,Banking,6.61,646433.0,Insider,Social Engineering,Firewall,37.0
Brazil,2017,Man-In-The-Middle,Government,68.03,403770.0,Hacker Group,Weak Passwords,Encryption,22.0
Germany,2018,Sql Injection,Retail,75.63,814701.0,Hacker Group,Zero-Day,Antivirus,63.0
China,2019,Ransomware,It,72.29,666683.0,Hacker Group,Zero-Day,Encryption,34.0
Germany,2016,Phishing,Banking,44.17,236438.0,Hacker Group,Weak Passwords,Antivirus,24.0
Russia,2020,Ddos,Education,60.94,798113.0,Insider,Social Engineering,Antivirus,23.0
Germany,2021,Malware,Healthcare,23.34,518982.0,Hacker Group,Weak Passwords,Vpn,20.0
Germany,2015,Ddos,It,76.99,252225.0,Unknown,Unpatched Software,Antivirus,67.0
Usa,2017,Sql Injection,Banking,60.66,5346.0,Unknown,Zero-Day,Antivirus,69.0
China,2017,Ddos,Retail,19.36,4814.0,Unknown,Social Engineering,Ai-Based Detection,42.0
Brazil,2021,Sql Injection,Banking,50.61,772512.0,Hacker Group,Weak Passwords,Encryption,42.0
Australia,2023,Phishing,Education,81.81,16360.0,Nation-State,Unpatched Software,Ai-Based Detection,37.0
India,2024,Phishing,Telecommunications,38.68,224143.0,Nation-State,Social Engineering,Antivirus,60.0
Russia,2023,Phishing,It,52.35,743325.0,Insider,Weak Passwords,Vpn,9.0
France,2019,Phishing,Education,81.47,597542.0,Unknown,Weak Passwords,Vpn,11.0
Russia,2024,Malware,Education,55.15,913591.0,Hacker Group,Zero-Day,Ai-Based Detection,51.0
Japan,2023,Sql Injection,It,8.24,183702.0,Nation-State,Zero-Day,Vpn,36.0
China,2024,Ransomware,Healthcare,42.26,685837.0,Insider,Social Engineering,Vpn,68.0
India,2015,Phishing,Healthcare,28.6,690500.0,Hacker Group,Weak Passwords,Encryption,11.0
India,2016,Sql Injection,Banking,4.31,520308.0,Insider,Zero-Day,Vpn,39.0
Uk,2020,Phishing,Education,17.43,84643.0,Nation-State,Unpatched Software,Antivirus,53.0
France,2023,Malware,Healthcare,85.28,762282.0,Hacker Group,Social Engineering,Firewall,11.0
France,2022,Malware,Education,70.46,427144.0,Unknown,Zero-Day,Firewall,42.0
Russia,2018,Man-In-The-Middle,Banking,86.87,800683.0,Nation-State,Unpatched Software,Firewall,57.0
Japan,2024,Man-In-The-Middle,Education,46.39,662101.0,Insider,Social Engineering,Vpn,7.0
Australia,2016,Malware,It,30.72,977343.0,Hacker Group,Weak Passwords,Antivirus,47.0
India,2021,Ransomware,Education,86.73,534013.0,Unknown,Unpatched Software,Firewall,49.0
China,2024,Sql Injection,Education,50.99,947933.0,Insider,Social Engineering,Antivirus,10.0
Australia,2017,Phishing,Retail,9.25,692167.0,Unknown,Weak Passwords,Encryption,70.0
Japan,2023,Malware,It,23.16,320277.0,Unknown,Weak Passwords,Encryption,69.0
Japan,2017,Ransomware,Retail,49.75,163062.0,Unknown,Unpatched Software,Ai-Based Detection,43.0
Uk,2017,Malware,Banking,25.76,801821.0,Unknown,Weak Passwords,Ai-Based Detection,36.0
China,2016,Ransomware,Government,72.25,860664.0,Unknown,Zero-Day,Firewall,10.0
Japan,2018,Man-In-The-Middle,Education,20.85,511823.0,Insider,Zero-Day,Ai-Based Detection,43.0
Germany,2024,Man-In-The-Middle,It,93.13,952299.0,Unknown,Weak Passwords,Vpn,33.0
India,2018,Phishing,Education,5.27,982450.0,Unknown,Weak Passwords,Firewall,32.0
Australia,2024,Phishing,Retail,28.16,411083.0,Unknown,Weak Passwords,Firewall,30.0
Usa,2019,Man-In-The-Middle,Government,17.59,43140.0,Insider,Social Engineering,Ai-Based Detection,28.0
Uk,2018,Malware,Education,51.59,935465.0,Nation-State,Weak Passwords,Ai-Based Detection,28.0
Germany,2018,Ddos,Banking,81.34,52799.0,Insider,Zero-Day,Ai-Based Detection,38.0
China,2020,Sql Injection,Telecommunications,70.02,688312.0,Nation-State,Unpatched Software,Vpn,48.0
France,2024,Phishing,Government,5.18,219162.0,Hacker Group,Unpatched Software,Encryption,23.0
Uk,2017,Man-In-The-Middle,Telecommunications,60.01,740448.0,Hacker Group,Weak Passwords,Encryption,26.0
France,2016,Ransomware,Banking,62.73,596776.0,Unknown,Zero-Day,Firewall,17.0
Australia,2022,Sql Injection,Telecommunications,56.2,571454.0,Insider,Weak Passwords,Vpn,42.0
Russia,2020,Ddos,Government,72.59,787260.0,Insider,Weak Passwords,Firewall,15.0
Uk,2018,Malware,Healthcare,19.79,805745.0,Insider,Weak Passwords,Firewall,7.0
Russia,2020,Sql Injection,Telecommunications,50.99,377194.0,Unknown,Weak Passwords,Firewall,50.0
China,2023,Malware,Education,37.07,417554.0,Insider,Unpatched Software,Antivirus,35.0
China,2019,Sql Injection,Government,65.85,252025.0,Hacker Group,Zero-Day,Encryption,60.0
India,2015,Ransomware,Banking,96.03,898251.0,Hacker Group,Weak Passwords,Antivirus,70.0
Brazil,2015,Man-In-The-Middle,Banking,74.27,551388.0,Unknown,Zero-Day,Encryption,51.0
India,2017,Ddos,Banking,45.98,538245.0,Hacker Group,Weak Passwords,Ai-Based Detection,18.0
India,2021,Malware,Telecommunications,50.97,838461.0,Nation-State,Zero-Day,Ai-Based Detection,6.0
Brazil,2020,Sql Injection,Banking,68.05,912770.0,Unknown,Zero-Day,Ai-Based Detection,67.0
India,2021,Ddos,Education,95.95,62194.0,Nation-State,Zero-Day,Ai-Based Detection,12.0
Uk,2023,Man-In-The-Middle,Banking,15.01,416522.0,Insider,Social Engineering,Vpn,36.0
Uk,2021,Ddos,It,70.49,530341.0,Insider,Social Engineering,Vpn,40.0
Japan,2022,Ransomware,It,73.1,346939.0,Insider,Weak Passwords,Vpn,21.0
Russia,2021,Phishing,Banking,78.45,56333.0,Unknown,Zero-Day,Vpn,8.0
Germany,2018,Ransomware,It,27.51,644913.0,Unknown,Weak Passwords,Vpn,32.0
Japan,2017,Sql Injection,Banking,18.01,295917.0,Unknown,Weak Passwords,Vpn,57.0
India,2022,Malware,Healthcare,20.62,54206.0,Insider,Unpatched Software,Vpn,51.0
India,2018,Ddos,Telecommunications,47.5,423071.0,Unknown,Unpatched Software,Antivirus,69.0
Australia,2021,Man-In-The-Middle,Healthcare,17.62,687020.0,Unknown,Weak Passwords,Antivirus,48.0
Usa,2020,Ransomware,Education,77.09,550317.0,Insider,Zero-Day,Encryption,63.0
Uk,2021,Phishing,Banking,48.0,170032.0,Nation-State,Social Engineering,Encryption,24.0
China,2020,Sql Injection,Healthcare,11.55,388591.0,Unknown,Zero-Day,Antivirus,68.0
India,2023,Ddos,Healthcare,2.27,438318.0,Hacker Group,Unpatched Software,Ai-Based Detection,39.0
India,2018,Ddos,Education,1.71,63389.0,Insider,Unpatched Software,Vpn,20.0
Usa,2015,Man-In-The-Middle,Retail,95.66,377602.0,Nation-State,Zero-Day,Firewall,15.0
France,2021,Sql Injection,Government,42.75,467551.0,Unknown,Unpatched Software,Encryption,61.0
Uk,2022,Malware,Telecommunications,38.76,361529.0,Nation-State,Social Engineering,Firewall,67.0
Australia,2019,Phishing,Retail,15.21,677755.0,Hacker Group,Social Engineering,Firewall,52.0
Uk,2022,Man-In-The-Middle,It,66.25,303838.0,Nation-State,Zero-Day,Ai-Based Detection,56.0
India,2016,Ransomware,Banking,93.74,339815.0,Insider,Weak Passwords,Firewall,58.0
Russia,2020,Ransomware,Banking,13.66,820140.0,Insider,Social Engineering,Vpn,63.0
Russia,2015,Ransomware,It,49.3,879875.0,Insider,Zero-Day,Encryption,61.0
Brazil,2022,Man-In-The-Middle,Healthcare,40.94,987320.0,Unknown,Zero-Day,Ai-Based Detection,44.0
Japan,2023,Sql Injection,Government,13.51,772948.0,Unknown,Zero-Day,Vpn,43.0
Brazil,2015,Phishing,Healthcare,84.83,794914.0,Insider,Social Engineering,Firewall,34.0
Brazil,2019,Phishing,Telecommunications,36.98,198563.0,Hacker Group,Social Engineering,Firewall,24.0
Germany,2022,Ddos,Retail,21.45,32346.0,Unknown,Unpatched Software,Ai-Based Detection,38.0
China,2015,Phishing,Banking,18.39,541829.0,Nation-State,Zero-Day,Antivirus,33.0
Russia,2024,Phishing,Telecommunications,21.22,446028.0,Hacker Group,Weak Passwords,Vpn,37.0
France,2022,Malware,Education,13.06,759625.0,Insider,Social Engineering,Encryption,36.0
Brazil,2017,Phishing,Retail,3.18,520654.0,Nation-State,Social Engineering,Vpn,53.0
Usa,2023,Ddos,It,99.64,248383.0,Insider,Social Engineering,Firewall,55.0
China,2017,Man-In-The-Middle,Banking,62.39,855974.0,Unknown,Social Engineering,Vpn,44.0
China,2020,Malware,Government,84.23,50842.0,Insider,Zero-Day,Ai-Based Detection,59.0
Germany,2015,Man-In-The-Middle,Education,81.5,697275.0,Nation-State,Weak Passwords,Encryption,59.0
Germany,2022,Man-In-The-Middle,Telecommunications,0.54,419912.0,Nation-State,Zero-Day,Ai-Based Detection,40.0
Japan,2023,Man-In-The-Middle,Banking,65.8,193620.0,Nation-State,Zero-Day,Vpn,67.0
China,2024,Sql Injection,Banking,58.32,777684.0,Unknown,Zero-Day,Vpn,31.0
Uk,2018,Malware,Healthcare,27.61,375245.0,Hacker Group,Social Engineering,Firewall,20.0
China,2023,Phishing,It,22.96,656090.0,Insider,Unpatched Software,Encryption,27.0
Australia,2016,Man-In-The-Middle,It,80.27,653967.0,Unknown,Unpatched Software,Encryption,21.0
India,2022,Sql Injection,Education,0.83,977791.0,Unknown,Weak Passwords,Antivirus,15.0
Uk,2023,Ddos,Telecommunications,81.91,397687.0,Hacker Group,Social Engineering,Vpn,65.0
France,2017,Malware,Banking,40.87,719537.0,Nation-State,Zero-Day,Ai-Based Detection,23.0
Brazil,2017,Ddos,Telecommunications,34.79,724790.0,Hacker Group,Unpatched Software,Firewall,64.0
France,2016,Phishing,It,33.33,51723.0,Hacker Group,Weak Passwords,Encryption,23.0
India,2022,Ransomware,Healthcare,50.99,312340.0,Nation-State,Zero-Day,Vpn,35.0
India,2016,Man-In-The-Middle,Banking,15.28,995025.0,Unknown,Weak Passwords,Ai-Based Detection,52.0
France,2024,Sql Injection,Telecommunications,48.77,336356.0,Hacker Group,Unpatched Software,Encryption,2.0
France,2017,Ransomware,Retail,48.93,886212.0,Unknown,Weak Passwords,Encryption,67.0
Japan,2016,Ransomware,Healthcare,37.23,209358.0,Nation-State,Social Engineering,Firewall,25.0
Russia,2022,Ddos,Education,69.24,495616.0,Nation-State,Unpatched Software,Antivirus,38.0
China,2021,Sql Injection,Government,55.55,224311.0,Insider,Zero-Day,Firewall,57.0
Japan,2022,Ddos,Banking,51.95,65516.0,Insider,Weak Passwords,Firewall,37.0
Germany,2024,Ransomware,Government,40.36,301972.0,Unknown,Zero-Day,Vpn,33.0
Germany,2015,Phishing,Telecommunications,47.04,124250.0,Insider,Zero-Day,Ai-Based Detection,36.0
Usa,2018,Man-In-The-Middle,Healthcare,22.61,733934.0,Nation-State,Zero-Day,Firewall,31.0
Brazil,2022,Malware,It,19.26,377446.0,Unknown,Zero-Day,Ai-Based Detection,12.0
China,2021,Sql Injection,It,98.57,430792.0,Insider,Weak Passwords,Antivirus,9.0
Uk,2015,Malware,It,96.79,825881.0,Unknown,Zero-Day,Ai-Based Detection,35.0
Usa,2020,Malware,Telecommunications,27.16,858207.0,Nation-State,Unpatched Software,Ai-Based Detection,42.0
Germany,2021,Ransomware,Healthcare,16.64,912847.0,Unknown,Zero-Day,Antivirus,27.0
Uk,2018,Malware,Banking,41.34,82287.0,Unknown,Unpatched Software,Encryption,61.0
Usa,2020,Man-In-The-Middle,Education,44.85,527938.0,Nation-State,Zero-Day,Encryption,1.0
Uk,2022,Ddos,Telecommunications,50.9,645154.0,Insider,Weak Passwords,Ai-Based Detection,16.0
India,2018,Ransomware,Retail,26.01,732636.0,Hacker Group,Zero-Day,Vpn,3.0
Russia,2015,Ddos,Retail,69.61,26321.0,Nation-State,Zero-Day,Encryption,11.0
Germany,2023,Ransomware,Banking,52.88,982507.0,Unknown,Unpatched Software,Encryption,39.0
Russia,2019,Malware,Retail,11.57,367712.0,Nation-State,Weak Passwords,Firewall,13.0
Russia,2015,Ddos,Telecommunications,83.28,236346.0,Insider,Unpatched Software,Ai-Based Detection,55.0
Australia,2018,Sql Injection,Retail,51.46,287089.0,Nation-State,Weak Passwords,Encryption,8.0
Brazil,2024,Malware,Healthcare,50.71,964191.0,Unknown,Weak Passwords,Vpn,36.0
China,2016,Sql Injection,Healthcare,52.68,55913.0,Nation-State,Social Engineering,Antivirus,70.0
Japan,2015,Phishing,Government,98.29,850600.0,Insider,Zero-Day,Encryption,17.0
France,2024,Phishing,Retail,50.99,201137.0,Hacker Group,Zero-Day,Antivirus,25.0
Germany,2017,Malware,Healthcare,1.68,859708.0,Nation-State,Weak Passwords,Encryption,10.0
Russia,2016,Phishing,Government,2.74,863777.0,Insider,Zero-Day,Antivirus,20.0
Japan,2024,Sql Injection,Banking,67.37,521384.0,Unknown,Social Engineering,Antivirus,32.0
Uk,2022,Sql Injection,Government,69.09,474183.0,Insider,Weak Passwords,Antivirus,27.0
Brazil,2018,Sql Injection,Retail,36.63,829742.0,Insider,Unpatched Software,Firewall,36.0
Usa,2021,Ddos,Telecommunications,99.81,460842.0,Unknown,Weak Passwords,Ai-Based Detection,59.0
Australia,2022,Malware,Retail,47.33,839881.0,Unknown,Zero-Day,Firewall,51.0
Brazil,2017,Ddos,It,72.48,860625.0,Unknown,Zero-Day,Firewall,4.0
Uk,2019,Sql Injection,Healthcare,65.47,263110.0,Insider,Social Engineering,Firewall,6.0
Japan,2020,Man-In-The-Middle,It,13.61,506364.0,Nation-State,Social Engineering,Firewall,66.0
Usa,2021,Phishing,Education,6.01,176772.0,Insider,Unpatched Software,Firewall,6.0
Brazil,2021,Sql Injection,Retail,1.32,564277.0,Nation-State,Weak Passwords,Firewall,1.0
Australia,2017,Man-In-The-Middle,Retail,47.97,36780.0,Insider,Unpatched Software,Antivirus,64.0
Germany,2021,Ransomware,Retail,46.82,589744.0,Nation-State,Weak Passwords,Vpn,32.0
Russia,2018,Malware,Government,59.01,309230.0,Hacker Group,Social Engineering,Encryption,61.0
China,2024,Phishing,Telecommunications,53.59,4913.0,Hacker Group,Weak Passwords,Ai-Based Detection,61.0
Brazil,2020,Sql Injection,Education,50.41,350295.0,Insider,Unpatched Software,Encryption,5.0
Usa,2020,Ddos,Banking,60.2,998937.0,Nation-State,Zero-Day,Antivirus,19.0
Brazil,2018,Malware,Telecommunications,96.22,445546.0,Nation-State,Weak Passwords,Firewall,45.0
Brazil,2023,Sql Injection,Healthcare,7.33,486146.0,Insider,Zero-Day,Firewall,12.0
Uk,2016,Phishing,Education,29.49,466333.0,Hacker Group,Zero-Day,Firewall,51.0
Japan,2019,Phishing,Government,73.35,706019.0,Nation-State,Zero-Day,Encryption,65.0
Uk,2020,Ddos,Retail,70.03,971464.0,Nation-State,Weak Passwords,Firewall,4.0
India,2015,Man-In-The-Middle,It,76.97,224983.0,Nation-State,Weak Passwords,Ai-Based Detection,42.0
Brazil,2019,Ransomware,Telecommunications,87.41,919425.0,Nation-State,Unpatched Software,Encryption,45.0
Russia,2023,Ddos,Telecommunications,57.25,115138.0,Unknown,Unpatched Software,Encryption,42.0
Japan,2020,Phishing,It,99.57,786468.0,Nation-State,Social Engineering,Antivirus,36.0
India,2023,Phishing,Retail,5.11,620560.0,Hacker Group,Weak Passwords,Antivirus,59.0
Usa,2017,Malware,Government,56.74,976007.0,Insider,Social Engineering,Encryption,59.0
France,2016,Ddos,Education,46.58,361163.0,Hacker Group,Zero-Day,Firewall,38.0
Brazil,2017,Ransomware,Healthcare,54.78,469735.0,Nation-State,Zero-Day,Encryption,57.0
Usa,2015,Man-In-The-Middle,It,46.27,117231.0,Unknown,Unpatched Software,Ai-Based Detection,28.0
Germany,2018,Ransomware,Healthcare,14.38,276925.0,Unknown,Unpatched Software,Vpn,54.0
Australia,2019,Malware,Telecommunications,37.3,208089.0,Unknown,Zero-Day,Antivirus,33.0
Australia,2016,Phishing,Telecommunications,50.99,71720.0,Hacker Group,Zero-Day,Encryption,21.0
Russia,2024,Ransomware,Telecommunications,35.62,236676.0,Nation-State,Social Engineering,Ai-Based Detection,67.0
India,2024,Man-In-The-Middle,Telecommunications,93.46,409281.0,Nation-State,Weak Passwords,Antivirus,18.0
Japan,2023,Phishing,Banking,82.36,612815.0,Unknown,Zero-Day,Antivirus,12.0
Russia,2022,Sql Injection,Telecommunications,11.32,153618.0,Nation-State,Weak Passwords,Vpn,29.0
India,2023,Ransomware,Banking,57.15,704230.0,Nation-State,Zero-Day,Vpn,71.0
China,2019,Malware,Retail,79.37,863510.0,Hacker Group,Zero-Day,Vpn,2.0
India,2024,Ddos,Healthcare,4.08,488599.0,Unknown,Social Engineering,Encryption,11.0
France,2022,Ransomware,Healthcare,80.73,964782.0,Unknown,Weak Passwords,Vpn,47.0
Germany,2018,Phishing,It,48.96,323027.0,Unknown,Zero-Day,Encryption,49.0
China,2023,Man-In-The-Middle,Education,10.55,12970.0,Unknown,Social Engineering,Antivirus,32.0
India,2020,Man-In-The-Middle,Government,50.19,659835.0,Unknown,Zero-Day,Encryption,46.0
China,2023,Sql Injection,Telecommunications,66.92,336320.0,Hacker Group,Social Engineering,Vpn,36.0
China,2017,Man-In-The-Middle,Banking,47.52,83617.0,Insider,Unpatched Software,Ai-Based Detection,64.0
Brazil,2018,Malware,Banking,87.13,99178.0,Nation-State,Zero-Day,Antivirus,27.0
Brazil,2024,Ransomware,Education,80.1,489369.0,Nation-State,Unpatched Software,Encryption,41.0
Russia,2017,Phishing,Telecommunications,2.22,620350.0,Hacker Group,Zero-Day,Firewall,45.0
Usa,2020,Ddos,Healthcare,38.14,846602.0,Insider,Weak Passwords,Firewall,31.0
India,2017,Malware,Government,61.02,650042.0,Nation-State,Unpatched Software,Antivirus,48.0
Japan,2022,Man-In-The-Middle,Government,61.01,549197.0,Hacker Group,Social Engineering,Antivirus,59.0
France,2023,Phishing,It,15.49,138639.0,Hacker Group,Unpatched Software,Vpn,14.0
Australia,2024,Man-In-The-Middle,Healthcare,93.4,833819.0,Insider,Unpatched Software,Antivirus,14.0
India,2022,Malware,Retail,13.88,813217.0,Insider,Zero-Day,Ai-Based Detection,71.0
Uk,2017,Malware,Banking,50.99,636273.0,Insider,Zero-Day,Antivirus,30.0
Russia,2017,Man-In-The-Middle,Banking,66.53,45277.0,Insider,Social Engineering,Firewall,43.0
Australia,2015,Phishing,Telecommunications,89.41,488342.0,Hacker Group,Unpatched Software,Firewall,23.0
France,2019,Phishing,It,55.31,526220.0,Nation-State,Social Engineering,Ai-Based Detection,2.0
Usa,2023,Ddos,Education,90.38,311596.0,Insider,Weak Passwords,Vpn,23.0
Brazil,2024,Ddos,Retail,25.17,658226.0,Insider,Weak Passwords,Vpn,52.0
India,2019,Phishing,Education,6.29,344693.0,Hacker Group,Social Engineering,Encryption,19.0
France,2016,Phishing,Education,37.57,380995.0,Unknown,Weak Passwords,Vpn,60.0
Brazil,2018,Malware,Banking,3.1,458185.0,Insider,Social Engineering,Ai-Based Detection,31.0
Brazil,2022,Man-In-The-Middle,Education,91.69,581034.0,Insider,Social Engineering,Vpn,67.0
Russia,2019,Ransomware,Retail,19.97,722544.0,Hacker Group,Social Engineering,Encryption,14.0
Brazil,2024,Phishing,It,28.78,793783.0,Insider,Social Engineering,Firewall,17.0
China,2023,Sql Injection,It,53.21,620822.0,Unknown,Zero-Day,Firewall,21.0
Russia,2022,Ransomware,Healthcare,16.6,715102.0,Insider,Zero-Day,Antivirus,2.0
Russia,2021,Man-In-The-Middle,Banking,44.32,634390.0,Unknown,Zero-Day,Antivirus,54.0
Japan,2021,Ransomware,Government,10.34,791473.0,Nation-State,Zero-Day,Firewall,58.0
China,2022,Phishing,It,41.81,631816.0,Unknown,Weak Passwords,Firewall,29.0
Germany,2022,Malware,Banking,84.54,517353.0,Unknown,Zero-Day,Antivirus,41.0
Japan,2015,Malware,Telecommunications,40.38,118734.0,Insider,Unpatched Software,Ai-Based Detection,21.0
India,2020,Man-In-The-Middle,Education,39.15,963367.0,Insider,Zero-Day,Encryption,50.0
Australia,2021,Sql Injection,Telecommunications,22.51,71557.0,Insider,Social Engineering,Antivirus,47.0
Brazil,2017,Ransomware,Government,58.18,824704.0,Hacker Group,Zero-Day,Antivirus,30.0
Germany,2023,Man-In-The-Middle,Banking,92.48,1326.0,Nation-State,Social Engineering,Antivirus,11.0
Uk,2015,Phishing,Banking,51.38,630931.0,Insider,Zero-Day,Ai-Based Detection,48.0
Germany,2016,Phishing,Government,93.61,505132.5,Insider,Unpatched Software,Antivirus,64.0
Australia,2017,Ransomware,Government,27.38,918816.0,Unknown,Weak Passwords,Ai-Based Detection,58.0
Australia,2021,Malware,Healthcare,74.61,505132.5,Nation-State,Zero-Day,Antivirus,21.0
Uk,2019,Sql Injection,It,78.84,464960.0,Unknown,Unpatched Software,Encryption,36.0
Usa,2019,Ransomware,Telecommunications,65.7,51619.0,Insider,Unpatched Software,Vpn,3.0
Brazil,2017,Phishing,It,81.04,850794.0,Unknown,Zero-Day,Antivirus,69.0
France,2015,Man-In-The-Middle,Banking,27.2,559841.0,Nation-State,Unpatched Software,Vpn,22.0
China,2022,Ddos,Healthcare,86.38,685136.0,Nation-State,Weak Passwords,Antivirus,62.0
Brazil,2016,Malware,Education,83.93,102797.0,Unknown,Weak Passwords,Firewall,17.0
France,2022,Ransomware,Healthcare,40.36,439046.0,Insider,Social Engineering,Vpn,42.0
Usa,2019,Sql Injection,Telecommunications,57.4,51312.0,Insider,Social Engineering,Ai-Based Detection,26.0
Brazil,2022,Ransomware,Retail,1.42,510870.0,Unknown,Unpatched Software,Ai-Based Detection,35.0
Russia,2021,Sql Injection,Government,66.5,348118.0,Hacker Group,Zero-Day,Vpn,36.0
Australia,2016,Ransomware,Healthcare,47.18,509930.0,Unknown,Social Engineering,Ai-Based Detection,68.0
Uk,2016,Ransomware,It,58.99,822380.0,Hacker Group,Zero-Day,Firewall,26.0
Germany,2022,Sql Injection,Banking,52.91,619669.0,Unknown,Unpatched Software,Antivirus,19.0
Australia,2023,Sql Injection,Telecommunications,20.95,341111.0,Insider,Weak Passwords,Vpn,14.0
France,2018,Ransomware,Government,2.79,443730.0,Hacker Group,Weak Passwords,Antivirus,39.0
Japan,2017,Ddos,It,27.76,824968.0,Insider,Weak Passwords,Encryption,15.0
Japan,2016,Man-In-The-Middle,Retail,58.77,172346.0,Nation-State,Social Engineering,Ai-Based Detection,51.0
Germany,2022,Ddos,Telecommunications,51.95,919855.0,Unknown,Weak Passwords,Antivirus,56.0
Germany,2021,Man-In-The-Middle,It,90.57,254634.0,Hacker Group,Social Engineering,Ai-Based Detection,5.0
France,2022,Phishing,Retail,39.15,724409.0,Unknown,Weak Passwords,Antivirus,36.0
Uk,2018,Phishing,Healthcare,95.3,269142.0,Unknown,Unpatched Software,Encryption,72.0
India,2024,Phishing,Retail,92.48,32067.0,Insider,Unpatched Software,Antivirus,19.0
Germany,2020,Malware,Government,32.2,591314.0,Hacker Group,Weak Passwords,Encryption,65.0
Germany,2019,Sql Injection,Healthcare,91.72,149171.0,Unknown,Zero-Day,Vpn,64.0
Brazil,2016,Ddos,It,13.52,535205.0,Hacker Group,Social Engineering,Ai-Based Detection,53.0
Germany,2022,Ransomware,Education,87.93,505132.5,Nation-State,Zero-Day,Antivirus,4.0
France,2019,Phishing,Healthcare,52.18,869751.0,Insider,Zero-Day,Firewall,12.0
Russia,2017,Ddos,Education,50.42,690010.0,Unknown,Weak Passwords,Firewall,18.0
Brazil,2017,Ransomware,Healthcare,32.9,433987.0,Unknown,Zero-Day,Ai-Based Detection,21.0
Uk,2017,Phishing,Banking,1.54,31262.0,Unknown,Social Engineering,Firewall,56.0
Australia,2022,Malware,Retail,32.26,824433.0,Nation-State,Unpatched Software,Ai-Based Detection,60.0
Germany,2023,Man-In-The-Middle,Retail,23.28,651963.0,Insider,Unpatched Software,Ai-Based Detection,53.0
France,2017,Sql Injection,Education,81.06,349070.0,Unknown,Zero-Day,Vpn,41.0
Usa,2024,Malware,Telecommunications,71.42,967411.0,Hacker Group,Social Engineering,Ai-Based Detection,47.0
Japan,2021,Sql Injection,Retail,64.81,263770.0,Unknown,Social Engineering,Antivirus,62.0
Uk,2016,Phishing,Retail,85.89,714670.0,Hacker Group,Weak Passwords,Vpn,32.0
Usa,2021,Ddos,Telecommunications,47.84,498904.0,Hacker Group,Zero-Day,Antivirus,65.0
Usa,2024,Phishing,Education,47.95,569539.0,Unknown,Weak Passwords,Encryption,18.0
China,2016,Man-In-The-Middle,Retail,82.52,217938.0,Nation-State,Weak Passwords,Vpn,69.0
China,2022,Ransomware,Retail,36.48,172607.0,Unknown,Zero-Day,Vpn,60.0
India,2023,Man-In-The-Middle,Retail,95.66,424762.0,Insider,Unpatched Software,Vpn,10.0
Japan,2019,Man-In-The-Middle,It,42.34,130309.0,Insider,Zero-Day,Ai-Based Detection,56.0
India,2018,Ddos,Government,65.11,95378.0,Insider,Social Engineering,Antivirus,67.0
India,2017,Phishing,It,53.95,920801.0,Nation-State,Zero-Day,Antivirus,52.0
Japan,2020,Man-In-The-Middle,Retail,91.36,551038.0,Insider,Social Engineering,Antivirus,21.0
China,2016,Malware,Telecommunications,85.8,962508.0,Unknown,Social Engineering,Ai-Based Detection,13.0
France,2020,Malware,Healthcare,92.29,267554.0,Hacker Group,Social Engineering,Firewall,45.0
Japan,2020,Ransomware,It,25.3,76258.0,Unknown,Social Engineering,Vpn,43.0
Russia,2016,Malware,Banking,3.6,661377.0,Unknown,Weak Passwords,Antivirus,36.0
Australia,2022,Sql Injection,Retail,56.62,310341.0,Unknown,Weak Passwords,Encryption,32.0
Russia,2017,Phishing,Education,66.25,702883.0,Insider,Unpatched Software,Vpn,31.0
Usa,2017,Malware,Education,78.38,516103.0,Hacker Group,Unpatched Software,Firewall,62.0
Usa,2015,Malware,Retail,84.7,542283.0,Hacker Group,Social Engineering,Firewall,64.0
Russia,2016,Sql Injection,Government,43.75,173441.0,Hacker Group,Social Engineering,Antivirus,36.0
France,2017,Ddos,Retail,67.36,856228.0,Hacker Group,Zero-Day,Encryption,47.0
Uk,2019,Malware,It,68.54,791265.0,Hacker Group,Social Engineering,Firewall,65.0
Usa,2019,Malware,Retail,45.42,969699.0,Hacker Group,Social Engineering,Firewall,63.0
Russia,2023,Malware,Telecommunications,95.0,338867.0,Nation-State,Zero-Day,Ai-Based Detection,34.0
Japan,2018,Phishing,Government,44.98,951249.0,Hacker Group,Weak Passwords,Vpn,25.0
Usa,2022,Ransomware,It,50.4,34584.0,Insider,Zero-Day,Firewall,36.0
Brazil,2021,Malware,Education,74.37,298836.0,Hacker Group,Social Engineering,Encryption,29.0
Brazil,2018,Malware,Retail,27.82,526161.0,Unknown,Unpatched Software,Ai-Based Detection,12.0
Brazil,2020,Phishing,Government,76.95,476308.0,Insider,Social Engineering,Vpn,44.0
China,2017,Sql Injection,Banking,29.39,206897.0,Unknown,Zero-Day,Encryption,18.0
Japan,2022,Malware,It,1.92,2653.0,Nation-State,Unpatched Software,Ai-Based Detection,56.0
Uk,2024,Ransomware,Healthcare,90.37,540353.0,Hacker Group,Unpatched Software,Antivirus,68.0
Germany,2015,Phishing,Retail,84.77,779922.0,Nation-State,Zero-Day,Antivirus,50.0
Germany,2016,Ransomware,Education,24.4,908906.0,Hacker Group,Weak Passwords,Ai-Based Detection,46.0
Russia,2021,Man-In-The-Middle,Healthcare,28.34,446741.0,Nation-State,Weak Passwords,Firewall,20.0
India,2023,Phishing,Education,9.95,317488.0,Insider,Social Engineering,Vpn,46.0
Brazil,2024,Phishing,It,72.33,182613.0,Unknown,Unpatched Software,Ai-Based Detection,26.0
Uk,2018,Ransomware,It,61.42,211305.0,Hacker Group,Zero-Day,Encryption,27.0
Uk,2024,Ddos,Government,68.83,60379.0,Unknown,Unpatched Software,Firewall,32.0
Russia,2020,Ransomware,Healthcare,50.99,785179.0,Unknown,Weak Passwords,Vpn,2.0
Russia,2022,Sql Injection,Telecommunications,1.99,652682.0,Insider,Social Engineering,Encryption,46.0
Brazil,2022,Sql Injection,Banking,5.85,52649.0,Nation-State,Unpatched Software,Encryption,57.0
Germany,2024,Man-In-The-Middle,Government,45.75,865871.0,Insider,Weak Passwords,Antivirus,58.0
Russia,2022,Ddos,Retail,93.71,474552.0,Nation-State,Zero-Day,Encryption,20.0
France,2024,Sql Injection,Healthcare,5.7,400840.0,Insider,Social Engineering,Vpn,57.0
Usa,2020,Phishing,Education,60.57,275819.0,Nation-State,Social Engineering,Firewall,69.0
Brazil,2021,Ddos,Retail,89.79,454088.0,Hacker Group,Social Engineering,Vpn,70.0
France,2018,Phishing,Government,30.68,338619.0,Hacker Group,Unpatched Software,Antivirus,68.0
Brazil,2018,Malware,Banking,31.56,940038.0,Hacker Group,Zero-Day,Antivirus,24.0
Usa,2017,Ddos,Government,98.73,17805.0,Nation-State,Weak Passwords,Antivirus,31.0
Japan,2020,Sql Injection,Telecommunications,92.13,244933.0,Nation-State,Social Engineering,Ai-Based Detection,37.0
Usa,2016,Phishing,Banking,71.14,198602.0,Unknown,Zero-Day,Firewall,18.0
India,2023,Ddos,Retail,73.85,504861.0,Unknown,Weak Passwords,Antivirus,65.0
Uk,2016,Malware,Telecommunications,91.24,695618.0,Nation-State,Social Engineering,Antivirus,14.0
China,2022,Man-In-The-Middle,Healthcare,5.4,270732.0,Unknown,Weak Passwords,Firewall,31.0
Uk,2015,Phishing,Retail,77.58,270326.0,Unknown,Social Engineering,Firewall,24.0
Russia,2017,Man-In-The-Middle,Government,80.95,827534.0,Hacker Group,Unpatched Software,Firewall,29.0
Uk,2020,Man-In-The-Middle,Retail,46.07,32499.0,Insider,Zero-Day,Firewall,14.0
Russia,2016,Malware,Telecommunications,52.2,279065.0,Hacker Group,Unpatched Software,Vpn,62.0
Germany,2017,Ransomware,Telecommunications,49.56,119598.0,Insider,Unpatched Software,Encryption,36.0
Germany,2022,Sql Injection,Education,61.78,387500.0,Nation-State,Weak Passwords,Ai-Based Detection,30.0
Brazil,2018,Phishing,Education,66.07,656031.0,Nation-State,Social Engineering,Encryption,36.0
China,2022,Ransomware,Education,85.72,637259.0,Unknown,Zero-Day,Vpn,57.0
Russia,2023,Sql Injection,Education,0.98,623106.0,Nation-State,Weak Passwords,Firewall,43.0
India,2015,Ddos,Education,21.74,513867.0,Unknown,Zero-Day,Firewall,34.0
Australia,2023,Man-In-The-Middle,Healthcare,7.54,710871.0,Insider,Zero-Day,Firewall,55.0
India,2020,Malware,Healthcare,7.08,875225.0,Unknown,Zero-Day,Antivirus,31.0
Germany,2024,Malware,Retail,71.2,989625.0,Unknown,Social Engineering,Firewall,53.0
China,2016,Ddos,Education,89.08,210433.0,Insider,Weak Passwords,Ai-Based Detection,63.0
Usa,2018,Malware,It,26.31,709153.0,Hacker Group,Weak Passwords,Vpn,45.0
France,2020,Ransomware,It,21.11,568832.0,Nation-State,Social Engineering,Firewall,12.0
China,2022,Phishing,Retail,51.76,355545.0,Unknown,Zero-Day,Encryption,68.0
Germany,2019,Phishing,Education,90.91,112635.0,Insider,Zero-Day,Firewall,55.0
Brazil,2015,Sql Injection,Banking,89.39,988268.0,Unknown,Zero-Day,Vpn,44.0
India,2021,Malware,Education,65.87,357399.0,Unknown,Zero-Day,Encryption,2.0
Japan,2018,Man-In-The-Middle,Government,78.16,512258.0,Hacker Group,Weak Passwords,Antivirus,32.0
Australia,2024,Ransomware,Healthcare,24.21,180760.0,Nation-State,Weak Passwords,Encryption,34.0
Usa,2023,Man-In-The-Middle,Retail,81.16,691638.0,Unknown,Zero-Day,Antivirus,17.0
Russia,2019,Ransomware,It,80.18,123757.0,Insider,Social Engineering,Encryption,54.0
Germany,2022,Ddos,Telecommunications,70.0,702285.0,Hacker Group,Zero-Day,Ai-Based Detection,46.0
Australia,2022,Ddos,Education,9.73,907708.0,Unknown,Unpatched Software,Ai-Based Detection,44.0
Australia,2015,Ddos,Healthcare,4.49,713160.0,Unknown,Unpatched Software,Encryption,26.0
Usa,2022,Malware,Banking,46.75,239200.0,Nation-State,Social Engineering,Encryption,8.0
China,2016,Ddos,Healthcare,63.15,500521.0,Nation-State,Weak Passwords,Encryption,27.0
India,2015,Phishing,It,25.47,741259.0,Hacker Group,Unpatched Software,Antivirus,18.0
Japan,2021,Sql Injection,Education,3.97,604843.0,Insider,Unpatched Software,Ai-Based Detection,40.0
Uk,2023,Sql Injection,Education,19.17,697610.0,Insider,Weak Passwords,Encryption,18.0
Germany,2022,Sql Injection,It,58.35,730850.0,Hacker Group,Weak Passwords,Ai-Based Detection,27.0
Australia,2018,Sql Injection,It,65.08,417807.0,Insider,Social Engineering,Firewall,46.0
India,2020,Malware,Healthcare,3.74,58205.0,Hacker Group,Unpatched Software,Encryption,63.0
India,2016,Sql Injection,Healthcare,33.11,830670.0,Unknown,Social Engineering,Antivirus,11.0
Brazil,2024,Ransomware,Government,57.7,691990.0,Insider,Weak Passwords,Antivirus,36.0
Uk,2015,Ransomware,Banking,74.68,498089.0,Insider,Weak Passwords,Encryption,18.0
China,2015,Ransomware,It,86.82,748040.0,Insider,Weak Passwords,Firewall,18.0
Brazil,2018,Ransomware,Healthcare,4.51,909979.0,Nation-State,Social Engineering,Vpn,65.0
Australia,2019,Man-In-The-Middle,Banking,27.0,286038.0,Nation-State,Social Engineering,Encryption,43.0
Russia,2021,Sql Injection,Retail,82.88,479586.0,Unknown,Zero-Day,Ai-Based Detection,8.0
Australia,2020,Phishing,Banking,42.03,454763.0,Unknown,Social Engineering,Firewall,14.0
Uk,2019,Phishing,Telecommunications,33.85,60183.0,Nation-State,Unpatched Software,Ai-Based Detection,17.0
Russia,2018,Phishing,Education,94.6,596801.0,Nation-State,Weak Passwords,Antivirus,70.0
China,2021,Ransomware,It,71.9,698786.0,Hacker Group,Zero-Day,Antivirus,21.0
Japan,2021,Ddos,Telecommunications,94.23,441749.0,Nation-State,Unpatched Software,Ai-Based Detection,55.0
China,2018,Sql Injection,Healthcare,76.4,966102.0,Hacker Group,Social Engineering,Firewall,1.0
India,2017,Malware,Healthcare,66.29,430200.0,Unknown,Zero-Day,Antivirus,48.0
Uk,2023,Phishing,Banking,49.89,638668.0,Nation-State,Social Engineering,Encryption,47.0
Uk,2019,Phishing,Healthcare,81.91,127817.0,Nation-State,Weak Passwords,Antivirus,66.0
Brazil,2017,Man-In-The-Middle,Government,14.54,491794.0,Nation-State,Zero-Day,Encryption,4.0
Germany,2024,Ransomware,Banking,33.44,737958.0,Unknown,Social Engineering,Encryption,54.0
Australia,2017,Ddos,Education,31.74,724207.0,Hacker Group,Weak Passwords,Firewall,54.0
Germany,2018,Sql Injection,Healthcare,78.11,451780.0,Hacker Group,Unpatched Software,Vpn,28.0
India,2016,Man-In-The-Middle,Healthcare,8.25,875227.0,Unknown,Zero-Day,Ai-Based Detection,20.0
Brazil,2018,Malware,Banking,17.52,334945.0,Nation-State,Weak Passwords,Antivirus,33.0
Australia,2023,Ddos,It,81.89,525978.0,Unknown,Weak Passwords,Antivirus,12.0
Uk,2016,Phishing,Retail,37.29,761252.0,Insider,Weak Passwords,Vpn,57.0
China,2022,Phishing,Government,38.87,168075.0,Insider,Social Engineering,Ai-Based Detection,52.0
Japan,2015,Ransomware,Banking,6.57,443408.0,Hacker Group,Weak Passwords,Encryption,71.0
Uk,2018,Ddos,It,17.99,60917.0,Unknown,Zero-Day,Vpn,1.0
Usa,2022,Man-In-The-Middle,Banking,59.54,839892.0,Nation-State,Weak Passwords,Encryption,20.0
Brazil,2021,Ransomware,Government,72.14,673933.0,Unknown,Zero-Day,Antivirus,22.0
Usa,2021,Ransomware,Education,84.64,534283.0,Insider,Social Engineering,Vpn,49.0
Uk,2022,Ddos,Education,32.2,49715.0,Insider,Unpatched Software,Encryption,72.0
China,2022,Sql Injection,Banking,1.16,297461.0,Hacker Group,Zero-Day,Firewall,15.0
Russia,2021,Sql Injection,Healthcare,48.71,861410.0,Unknown,Social Engineering,Vpn,7.0
Germany,2016,Ddos,Telecommunications,14.28,547178.0,Insider,Social Engineering,Firewall,45.0
Uk,2020,Ransomware,Banking,37.38,273660.0,Insider,Weak Passwords,Firewall,6.0
Brazil,2023,Phishing,It,23.01,195113.0,Unknown,Unpatched Software,Encryption,4.0
China,2018,Man-In-The-Middle,Banking,9.77,881294.0,Insider,Unpatched Software,Ai-Based Detection,3.0
Usa,2024,Phishing,Government,58.64,146937.0,Unknown,Social Engineering,Antivirus,10.0
Russia,2016,Phishing,Healthcare,11.29,72191.0,Unknown,Weak Passwords,Antivirus,3.0
Australia,2022,Man-In-The-Middle,Government,90.65,898589.0,Hacker Group,Zero-Day,Ai-Based Detection,36.0
Japan,2024,Malware,Telecommunications,30.66,430306.0,Nation-State,Weak Passwords,Vpn,36.0
Australia,2022,Ddos,It,27.02,835814.0,Insider,Weak Passwords,Encryption,40.0
Russia,2015,Sql Injection,It,56.07,837322.0,Insider,Zero-Day,Ai-Based Detection,25.0
Russia,2019,Phishing,Telecommunications,10.88,299403.0,Unknown,Unpatched Software,Antivirus,23.0
Usa,2024,Man-In-The-Middle,Banking,96.13,482492.0,Unknown,Social Engineering,Encryption,17.0
China,2022,Ddos,It,88.61,777010.0,Hacker Group,Weak Passwords,Vpn,34.0
Germany,2021,Ddos,It,73.5,806210.0,Unknown,Weak Passwords,Antivirus,5.0
China,2024,Malware,Government,1.17,281616.0,Nation-State,Unpatched Software,Encryption,6.0
India,2023,Ransomware,Banking,42.02,827952.0,Unknown,Unpatched Software,Ai-Based Detection,21.0
Usa,2020,Malware,Retail,59.15,179586.0,Hacker Group,Social Engineering,Antivirus,27.0
Uk,2022,Phishing,Retail,26.63,725905.0,Unknown,Zero-Day,Vpn,54.0
Usa,2016,Ddos,Healthcare,30.49,723411.0,Hacker Group,Zero-Day,Antivirus,40.0
India,2024,Malware,Banking,14.01,141437.0,Nation-State,Weak Passwords,Firewall,10.0
Usa,2019,Ddos,Government,49.88,441744.0,Unknown,Weak Passwords,Firewall,40.0
Japan,2016,Malware,Telecommunications,4.84,936738.0,Insider,Weak Passwords,Antivirus,8.0
Usa,2024,Malware,Education,75.51,822636.0,Insider,Social Engineering,Antivirus,63.0
Australia,2018,Malware,Banking,68.32,843891.0,Unknown,Weak Passwords,Antivirus,31.0
Russia,2020,Ddos,Healthcare,6.37,82576.0,Nation-State,Weak Passwords,Vpn,40.0
France,2024,Ransomware,Banking,97.53,759522.0,Unknown,Weak Passwords,Vpn,39.0
Uk,2024,Ransomware,Banking,12.22,860343.0,Hacker Group,Weak Passwords,Antivirus,42.0
Australia,2023,Malware,Government,55.72,14483.0,Nation-State,Weak Passwords,Firewall,36.0
Japan,2023,Malware,Telecommunications,50.99,871255.0,Hacker Group,Social Engineering,Ai-Based Detection,24.0
India,2019,Man-In-The-Middle,Government,98.86,48647.0,Unknown,Zero-Day,Encryption,36.0
Australia,2024,Phishing,Education,74.75,109907.0,Insider,Social Engineering,Vpn,5.0
Brazil,2022,Man-In-The-Middle,Retail,89.11,749386.0,Unknown,Unpatched Software,Firewall,16.0
Russia,2018,Malware,Telecommunications,89.79,900723.0,Insider,Zero-Day,Firewall,32.0
France,2024,Phishing,It,49.75,943151.0,Nation-State,Zero-Day,Vpn,66.0
Usa,2019,Malware,Education,1.05,93580.0,Nation-State,Unpatched Software,Vpn,21.0
China,2019,Malware,Retail,26.66,303469.0,Insider,Social Engineering,Vpn,60.0
Usa,2024,Malware,Telecommunications,0.71,28436.0,Unknown,Unpatched Software,Encryption,66.0
France,2015,Phishing,Healthcare,41.92,383484.0,Unknown,Unpatched Software,Vpn,52.0
Germany,2017,Ddos,Telecommunications,40.05,27446.0,Insider,Social Engineering,Ai-Based Detection,13.0
Japan,2020,Phishing,Healthcare,73.13,39276.0,Nation-State,Unpatched Software,Firewall,29.0
Brazil,2024,Sql Injection,It,33.94,88304.0,Nation-State,Zero-Day,Encryption,41.0
Brazil,2019,Malware,Government,4.95,281096.0,Nation-State,Zero-Day,Ai-Based Detection,2.0
Australia,2018,Sql Injection,Banking,50.23,793612.0,Nation-State,Zero-Day,Firewall,12.0
Uk,2016,Malware,Banking,49.92,848188.0,Nation-State,Unpatched Software,Vpn,12.0
India,2016,Man-In-The-Middle,It,70.24,374767.0,Unknown,Unpatched Software,Antivirus,67.0
France,2019,Ddos,Telecommunications,85.65,835349.0,Nation-State,Unpatched Software,Vpn,8.0
Japan,2020,Sql Injection,Banking,64.25,877560.0,Nation-State,Weak Passwords,Encryption,61.0
Germany,2016,Man-In-The-Middle,Government,58.93,249279.0,Unknown,Weak Passwords,Vpn,58.0
Japan,2017,Ransomware,Government,9.24,126143.0,Unknown,Weak Passwords,Antivirus,35.0
France,2021,Malware,Government,50.84,7910.0,Unknown,Unpatched Software,Firewall,19.0
Brazil,2020,Sql Injection,Education,50.99,732802.0,Nation-State,Weak Passwords,Antivirus,62.0
Usa,2019,Ddos,Telecommunications,12.13,426349.0,Hacker Group,Unpatched Software,Encryption,44.0
China,2019,Man-In-The-Middle,Telecommunications,6.24,739538.0,Nation-State,Zero-Day,Encryption,5.0
Uk,2016,Sql Injection,Retail,17.98,251689.0,Nation-State,Social Engineering,Antivirus,1.0
Germany,2015,Malware,Education,75.2,461291.0,Insider,Social Engineering,Ai-Based Detection,5.0
Uk,2021,Man-In-The-Middle,Banking,71.88,757595.0,Insider,Weak Passwords,Vpn,40.0
Japan,2024,Man-In-The-Middle,Retail,12.62,970866.0,Hacker Group,Weak Passwords,Firewall,13.0
Brazil,2021,Malware,Government,79.56,334916.0,Nation-State,Weak Passwords,Firewall,35.0
Uk,2019,Man-In-The-Middle,It,35.37,384185.0,Insider,Weak Passwords,Firewall,71.0
Australia,2016,Phishing,Education,98.72,6670.0,Nation-State,Zero-Day,Vpn,24.0
France,2016,Man-In-The-Middle,It,62.08,801177.0,Nation-State,Social Engineering,Encryption,11.0
Russia,2016,Ransomware,Banking,28.79,183711.0,Insider,Zero-Day,Encryption,50.0
France,2022,Malware,Retail,83.45,573985.0,Insider,Weak Passwords,Ai-Based Detection,45.0
Japan,2018,Ddos,Healthcare,88.04,675172.0,Nation-State,Weak Passwords,Antivirus,43.0
Germany,2018,Ddos,Government,35.76,716770.0,Insider,Unpatched Software,Encryption,36.0
Australia,2016,Phishing,It,43.19,825866.0,Unknown,Weak Passwords,Firewall,23.0
Usa,2019,Ransomware,Healthcare,92.43,206631.0,Unknown,Zero-Day,Ai-Based Detection,64.0
Germany,2016,Phishing,Banking,40.18,153211.0,Nation-State,Weak Passwords,Encryption,43.0
Japan,2018,Sql Injection,It,48.91,322255.0,Nation-State,Zero-Day,Antivirus,41.0
China,2021,Ransomware,Telecommunications,44.84,16106.0,Nation-State,Weak Passwords,Firewall,29.0
Usa,2021,Man-In-The-Middle,Education,51.43,640851.0,Unknown,Zero-Day,Vpn,11.0
Japan,2022,Phishing,Banking,12.42,570853.0,Unknown,Unpatched Software,Encryption,4.0
Usa,2023,Sql Injection,Banking,98.91,995462.0,Unknown,Unpatched Software,Firewall,33.0
Russia,2015,Ransomware,Telecommunications,64.68,716832.0,Hacker Group,Zero-Day,Vpn,67.0
Usa,2015,Malware,Retail,41.34,677462.0,Unknown,Unpatched Software,Ai-Based Detection,45.0
France,2020,Ddos,It,52.09,362499.0,Insider,Unpatched Software,Encryption,4.0
India,2023,Ddos,Retail,26.01,274512.0,Insider,Weak Passwords,Ai-Based Detection,69.0
Germany,2017,Malware,Government,63.97,590555.0,Nation-State,Zero-Day,Ai-Based Detection,27.0
Australia,2024,Phishing,Telecommunications,42.28,297456.0,Nation-State,Zero-Day,Vpn,20.0
Russia,2022,Ransomware,Government,2.73,465465.0,Nation-State,Unpatched Software,Encryption,60.0
India,2023,Man-In-The-Middle,It,58.9,24387.0,Hacker Group,Unpatched Software,Encryption,29.0
France,2020,Man-In-The-Middle,Education,35.12,871001.0,Nation-State,Zero-Day,Antivirus,39.0
Uk,2019,Malware,It,8.31,989421.0,Unknown,Zero-Day,Firewall,46.0
France,2015,Phishing,Retail,84.86,190100.0,Nation-State,Zero-Day,Ai-Based Detection,69.0
France,2018,Sql Injection,It,63.56,3324.0,Unknown,Zero-Day,Encryption,36.0
Uk,2024,Malware,Retail,33.24,851177.0,Insider,Unpatched Software,Encryption,53.0
Russia,2015,Malware,Healthcare,35.11,477346.0,Unknown,Social Engineering,Firewall,8.0
Usa,2021,Malware,Healthcare,49.73,386686.0,Insider,Zero-Day,Ai-Based Detection,7.0
Russia,2016,Ddos,Banking,87.62,922456.0,Insider,Zero-Day,Vpn,67.0
China,2021,Ddos,Telecommunications,84.09,505132.5,Insider,Social Engineering,Vpn,59.0
Germany,2024,Phishing,Telecommunications,36.34,505132.5,Insider,Weak Passwords,Antivirus,8.0
India,2018,Malware,Education,41.28,197323.0,Hacker Group,Social Engineering,Antivirus,47.0
India,2016,Malware,It,34.78,294587.0,Unknown,Social Engineering,Ai-Based Detection,43.0
Uk,2022,Man-In-The-Middle,Telecommunications,88.71,191263.0,Hacker Group,Unpatched Software,Encryption,68.0
France,2017,Ransomware,Healthcare,88.79,332214.0,Nation-State,Social Engineering,Antivirus,36.0
China,2024,Man-In-The-Middle,Government,56.26,196531.0,Hacker Group,Zero-Day,Firewall,45.0
Brazil,2021,Sql Injection,Banking,4.34,258021.0,Hacker Group,Unpatched Software,Encryption,46.0
Russia,2021,Ransomware,Healthcare,85.65,920121.0,Unknown,Social Engineering,Antivirus,21.0
Australia,2021,Sql Injection,It,4.52,505132.5,Unknown,Zero-Day,Ai-Based Detection,16.0
France,2017,Ransomware,It,27.19,760590.0,Nation-State,Weak Passwords,Encryption,9.0
Uk,2023,Man-In-The-Middle,Government,45.16,569044.0,Hacker Group,Social Engineering,Antivirus,27.0
France,2021,Sql Injection,Government,2.3,841324.0,Unknown,Weak Passwords,Encryption,8.0
Japan,2022,Malware,Government,71.54,668679.0,Unknown,Social Engineering,Vpn,27.0
India,2022,Sql Injection,Banking,27.86,310150.0,Unknown,Unpatched Software,Ai-Based Detection,21.0
Germany,2016,Man-In-The-Middle,It,13.21,549414.0,Unknown,Social Engineering,Encryption,70.0
Australia,2015,Ddos,Government,11.89,731839.0,Unknown,Zero-Day,Ai-Based Detection,14.0
Brazil,2023,Sql Injection,Healthcare,76.58,626352.0,Hacker Group,Social Engineering,Encryption,33.0
India,2022,Ddos,Banking,92.23,626017.0,Unknown,Unpatched Software,Antivirus,1.0
Australia,2019,Ddos,Telecommunications,70.7,172782.0,Unknown,Social Engineering,Vpn,2.0
France,2021,Ransomware,Government,2.39,665023.0,Insider,Unpatched Software,Firewall,49.0
Germany,2018,Man-In-The-Middle,Banking,89.87,15909.0,Nation-State,Zero-Day,Antivirus,19.0
Uk,2023,Man-In-The-Middle,Banking,24.28,998547.0,Unknown,Weak Passwords,Antivirus,46.0
Australia,2019,Ddos,It,58.3,76358.0,Nation-State,Weak Passwords,Encryption,58.0
Germany,2024,Man-In-The-Middle,It,84.19,89704.0,Hacker Group,Social Engineering,Antivirus,26.0
Russia,2024,Man-In-The-Middle,Education,72.02,191361.0,Hacker Group,Unpatched Software,Ai-Based Detection,11.0
Germany,2023,Man-In-The-Middle,Government,0.61,200862.0,Insider,Social Engineering,Encryption,13.0
Usa,2017,Malware,Government,89.49,505132.5,Hacker Group,Social Engineering,Ai-Based Detection,41.0
Japan,2018,Phishing,Education,34.06,344674.0,Unknown,Weak Passwords,Antivirus,19.0
Usa,2020,Phishing,Government,37.66,449424.0,Unknown,Zero-Day,Firewall,3.0
Germany,2020,Phishing,Healthcare,69.2,162807.0,Hacker Group,Unpatched Software,Encryption,4.0
India,2024,Ddos,Banking,47.1,21292.0,Insider,Social Engineering,Antivirus,10.0
Australia,2023,Malware,Banking,25.7,993215.0,Nation-State,Zero-Day,Ai-Based Detection,56.0
Australia,2017,Ddos,Banking,16.58,744201.0,Hacker Group,Zero-Day,Vpn,7.0
Japan,2017,Phishing,Banking,61.33,762300.0,Nation-State,Social Engineering,Vpn,20.0
France,2018,Ddos,Government,14.1,764003.0,Insider,Zero-Day,Ai-Based Detection,43.0
China,2019,Phishing,Banking,33.88,761910.0,Hacker Group,Zero-Day,Antivirus,27.0
France,2023,Ransomware,It,87.45,296050.0,Insider,Weak Passwords,Vpn,30.0
France,2020,Malware,Government,27.43,82853.0,Unknown,Social Engineering,Encryption,67.0
Japan,2022,Sql Injection,Banking,34.03,700439.0,Insider,Zero-Day,Encryption,41.0
Russia,2022,Sql Injection,Retail,6.61,505132.5,Insider,Unpatched Software,Vpn,57.0
China,2020,Phishing,Retail,17.99,36963.0,Insider,Zero-Day,Vpn,54.0
France,2021,Ransomware,It,99.77,533151.0,Nation-State,Zero-Day,Antivirus,43.0
Germany,2018,Man-In-The-Middle,Healthcare,61.93,62185.0,Nation-State,Social Engineering,Encryption,32.0
Usa,2016,Ddos,Education,48.83,231299.0,Unknown,Unpatched Software,Encryption,58.0
Uk,2017,Sql Injection,Retail,47.99,914365.0,Insider,Weak Passwords,Firewall,52.0
Japan,2024,Ransomware,Retail,47.44,696953.0,Nation-State,Zero-Day,Firewall,54.0
Russia,2015,Malware,Education,50.99,977607.0,Hacker Group,Zero-Day,Ai-Based Detection,62.0
Australia,2020,Ransomware,Retail,71.03,91228.0,Hacker Group,Social Engineering,Antivirus,22.0
China,2016,Phishing,Government,59.95,417253.0,Insider,Weak Passwords,Vpn,16.0
France,2021,Man-In-The-Middle,Government,44.03,60431.0,Hacker Group,Weak Passwords,Ai-Based Detection,59.0
Japan,2016,Man-In-The-Middle,Healthcare,44.69,567209.0,Hacker Group,Social Engineering,Antivirus,1.0
France,2015,Sql Injection,It,70.18,596168.0,Nation-State,Zero-Day,Encryption,15.0
Japan,2024,Malware,Banking,49.88,437357.0,Unknown,Weak Passwords,Ai-Based Detection,36.0
Australia,2016,Ransomware,It,43.88,588421.0,Nation-State,Unpatched Software,Encryption,72.0
Uk,2017,Phishing,Banking,57.17,477292.0,Nation-State,Social Engineering,Ai-Based Detection,18.0
Germany,2018,Phishing,Education,16.76,163839.0,Insider,Social Engineering,Encryption,19.0
Uk,2024,Sql Injection,It,65.06,922676.0,Unknown,Zero-Day,Vpn,6.0
Uk,2023,Malware,Education,34.66,941720.0,Unknown,Zero-Day,Antivirus,71.0
Germany,2019,Phishing,Government,49.71,647613.0,Unknown,Social Engineering,Antivirus,36.0
Australia,2016,Ransomware,Telecommunications,27.17,429456.0,Hacker Group,Social Engineering,Vpn,28.0
India,2020,Phishing,Government,85.73,340643.0,Unknown,Zero-Day,Firewall,72.0
France,2021,Malware,Education,55.66,21833.0,Hacker Group,Zero-Day,Encryption,2.0
Japan,2018,Phishing,Education,3.6,598297.0,Insider,Social Engineering,Vpn,49.0
Australia,2023,Phishing,Retail,78.28,92925.0,Insider,Zero-Day,Vpn,53.0
Germany,2020,Sql Injection,Retail,70.09,98500.0,Hacker Group,Unpatched Software,Antivirus,30.0
Japan,2020,Sql Injection,It,64.56,820070.0,Hacker Group,Weak Passwords,Encryption,70.0
Uk,2024,Phishing,Banking,66.65,170892.0,Unknown,Zero-Day,Ai-Based Detection,47.0
Brazil,2024,Ransomware,Healthcare,60.13,887531.0,Hacker Group,Social Engineering,Encryption,51.0
Australia,2024,Ddos,It,57.81,179507.0,Insider,Weak Passwords,Vpn,8.0
Russia,2023,Ddos,Banking,78.71,315219.0,Unknown,Social Engineering,Antivirus,30.0
Usa,2016,Phishing,Government,63.35,223827.0,Insider,Zero-Day,Antivirus,21.0
Uk,2016,Ddos,Healthcare,47.01,254371.0,Unknown,Zero-Day,Antivirus,13.0
Japan,2023,Ddos,Government,67.59,839088.0,Unknown,Unpatched Software,Vpn,62.0
China,2017,Ddos,It,17.49,394109.0,Unknown,Unpatched Software,Ai-Based Detection,36.0
France,2019,Ddos,It,75.84,877224.0,Unknown,Unpatched Software,Encryption,57.0
Japan,2020,Phishing,Telecommunications,91.52,846884.0,Nation-State,Social Engineering,Ai-Based Detection,42.0
Uk,2020,Malware,It,44.05,100972.0,Unknown,Unpatched Software,Antivirus,54.0
Uk,2017,Ddos,Education,40.18,148447.0,Insider,Zero-Day,Ai-Based Detection,39.0
Uk,2017,Sql Injection,It,44.56,698908.0,Nation-State,Zero-Day,Antivirus,32.0
India,2022,Sql Injection,Government,53.89,633626.0,Nation-State,Social Engineering,Antivirus,54.0
Germany,2021,Malware,Government,88.01,334748.0,Unknown,Zero-Day,Encryption,5.0
China,2023,Phishing,Banking,55.94,383589.0,Unknown,Weak Passwords,Firewall,36.0
Germany,2018,Ransomware,Education,90.48,901880.0,Unknown,Social Engineering,Vpn,16.0
Russia,2018,Sql Injection,Education,40.59,598151.0,Nation-State,Unpatched Software,Ai-Based Detection,34.0
France,2016,Ddos,Banking,77.29,120341.0,Nation-State,Zero-Day,Vpn,45.0
Australia,2023,Phishing,Government,91.02,305005.0,Hacker Group,Zero-Day,Firewall,71.0
Germany,2024,Man-In-The-Middle,Retail,46.41,494622.0,Hacker Group,Social Engineering,Vpn,37.0
Germany,2021,Sql Injection,Banking,69.07,264662.0,Insider,Social Engineering,Ai-Based Detection,46.0
India,2021,Sql Injection,Healthcare,2.3,942089.0,Unknown,Unpatched Software,Vpn,39.0
France,2016,Man-In-The-Middle,Education,33.45,779870.0,Nation-State,Zero-Day,Firewall,6.0
Uk,2015,Phishing,It,15.27,407233.0,Insider,Unpatched Software,Antivirus,72.0
Russia,2019,Malware,Banking,98.59,148622.0,Nation-State,Zero-Day,Firewall,6.0
Brazil,2023,Ransomware,Healthcare,30.45,480773.0,Hacker Group,Weak Passwords,Encryption,52.0
Uk,2023,Malware,Banking,22.24,946994.0,Unknown,Zero-Day,Vpn,13.0
Japan,2015,Malware,Retail,50.99,559143.0,Nation-State,Social Engineering,Vpn,69.0
Brazil,2017,Man-In-The-Middle,Education,67.55,287646.0,Nation-State,Zero-Day,Vpn,68.0
China,2019,Sql Injection,Retail,26.97,19575.0,Insider,Zero-Day,Ai-Based Detection,1.0
China,2015,Malware,Retail,73.45,701505.0,Hacker Group,Social Engineering,Antivirus,36.0
China,2021,Ransomware,Retail,40.01,998728.0,Unknown,Weak Passwords,Ai-Based Detection,36.0
France,2021,Sql Injection,Telecommunications,52.67,434504.0,Unknown,Social Engineering,Ai-Based Detection,46.0
Australia,2021,Ransomware,Retail,61.46,860546.0,Unknown,Zero-Day,Ai-Based Detection,22.0
Brazil,2020,Sql Injection,Education,62.72,827349.0,Nation-State,Unpatched Software,Vpn,68.0
Japan,2018,Ddos,It,2.65,145427.0,Nation-State,Social Engineering,Vpn,28.0
Russia,2022,Malware,Government,33.8,613718.0,Unknown,Unpatched Software,Ai-Based Detection,60.0
Australia,2018,Phishing,It,61.47,239301.0,Unknown,Social Engineering,Antivirus,22.0
China,2017,Phishing,Education,16.82,505132.5,Hacker Group,Weak Passwords,Ai-Based Detection,11.0
Japan,2020,Man-In-The-Middle,Banking,73.85,278424.0,Nation-State,Zero-Day,Encryption,9.0
Russia,2015,Ddos,Government,97.4,23096.0,Unknown,Weak Passwords,Firewall,38.0
Russia,2022,Phishing,Education,33.49,68371.0,Nation-State,Unpatched Software,Firewall,57.0
China,2023,Ransomware,Healthcare,62.21,534686.0,Insider,Unpatched Software,Ai-Based Detection,44.0
China,2019,Man-In-The-Middle,Education,75.86,985505.0,Unknown,Social Engineering,Encryption,26.0
Usa,2015,Ddos,Banking,98.39,306320.0,Insider,Unpatched Software,Ai-Based Detection,41.0
Japan,2023,Ddos,Government,17.69,799380.0,Unknown,Weak Passwords,Ai-Based Detection,57.0
Usa,2023,Ddos,It,55.14,529551.0,Unknown,Zero-Day,Antivirus,61.0
Australia,2024,Ddos,It,82.49,102295.0,Unknown,Weak Passwords,Vpn,46.0
Australia,2022,Phishing,Banking,64.07,800131.0,Unknown,Zero-Day,Ai-Based Detection,69.0
Uk,2015,Ransomware,Banking,32.0,712739.0,Nation-State,Weak Passwords,Antivirus,17.0
Uk,2018,Phishing,Telecommunications,39.15,814119.0,Hacker Group,Weak Passwords,Firewall,64.0
India,2018,Sql Injection,Education,12.44,599905.0,Nation-State,Social Engineering,Vpn,13.0
France,2017,Ddos,Healthcare,5.07,65117.0,Unknown,Social Engineering,Firewall,3.0
Usa,2023,Phishing,Telecommunications,6.18,591348.0,Nation-State,Weak Passwords,Encryption,55.0
Japan,2023,Phishing,Retail,55.7,53447.0,Insider,Unpatched Software,Ai-Based Detection,43.0
Germany,2024,Malware,It,47.13,471379.0,Unknown,Unpatched Software,Ai-Based Detection,67.0
Russia,2017,Sql Injection,Banking,76.84,883919.0,Hacker Group,Social Engineering,Vpn,8.0
Germany,2022,Malware,Telecommunications,78.46,606940.0,Insider,Social Engineering,Ai-Based Detection,32.0
India,2018,Man-In-The-Middle,Healthcare,56.88,416331.0,Hacker Group,Unpatched Software,Encryption,62.0
Russia,2019,Phishing,Banking,58.38,826778.0,Insider,Zero-Day,Ai-Based Detection,36.0
China,2022,Ransomware,Healthcare,71.36,712697.0,Insider,Unpatched Software,Ai-Based Detection,39.0
Uk,2023,Man-In-The-Middle,Government,48.19,450891.0,Nation-State,Social Engineering,Encryption,32.0
Russia,2016,Phishing,Healthcare,13.91,600700.0,Hacker Group,Zero-Day,Firewall,28.0
Brazil,2019,Phishing,Education,44.51,119319.0,Nation-State,Zero-Day,Firewall,9.0
Uk,2017,Ransomware,Banking,55.45,490818.0,Hacker Group,Unpatched Software,Vpn,65.0
Germany,2024,Ransomware,Telecommunications,50.99,155170.0,Insider,Zero-Day,Vpn,15.0
France,2017,Malware,Healthcare,41.37,783899.0,Hacker Group,Social Engineering,Ai-Based Detection,29.0
China,2020,Malware,Healthcare,24.78,275619.0,Nation-State,Weak Passwords,Antivirus,4.0
India,2024,Sql Injection,It,8.85,746862.0,Nation-State,Unpatched Software,Encryption,51.0
India,2024,Sql Injection,Government,28.13,244429.0,Hacker Group,Zero-Day,Ai-Based Detection,8.0
Russia,2016,Sql Injection,Government,52.59,287446.0,Hacker Group,Unpatched Software,Encryption,56.0
France,2023,Ddos,Retail,79.86,966469.0,Nation-State,Social Engineering,Antivirus,43.0
Australia,2021,Ddos,It,47.83,126709.0,Unknown,Weak Passwords,Antivirus,45.0
Brazil,2019,Phishing,Banking,54.26,883977.0,Nation-State,Unpatched Software,Antivirus,47.0
Australia,2023,Sql Injection,Retail,78.57,805183.0,Unknown,Weak Passwords,Vpn,37.0
Australia,2021,Malware,Telecommunications,77.63,434446.0,Unknown,Social Engineering,Encryption,28.0
France,2019,Ransomware,Education,2.27,63872.0,Unknown,Unpatched Software,Antivirus,55.0
France,2022,Ransomware,Education,59.0,131307.0,Hacker Group,Weak Passwords,Ai-Based Detection,46.0
Australia,2018,Phishing,Telecommunications,25.07,732072.0,Hacker Group,Social Engineering,Firewall,35.0
India,2016,Ransomware,It,43.65,340213.0,Nation-State,Zero-Day,Antivirus,15.0
China,2021,Phishing,Retail,41.97,617987.0,Insider,Social Engineering,Antivirus,23.0
India,2024,Malware,Government,56.13,629293.0,Insider,Weak Passwords,Vpn,69.0
Russia,2019,Sql Injection,Healthcare,92.69,979308.0,Nation-State,Social Engineering,Firewall,10.0
France,2024,Phishing,Healthcare,14.38,278126.0,Unknown,Social Engineering,Antivirus,30.0
Usa,2016,Man-In-The-Middle,Banking,57.26,852868.0,Unknown,Unpatched Software,Firewall,8.0
Brazil,2019,Phishing,Retail,35.61,43771.0,Nation-State,Zero-Day,Encryption,49.0
China,2015,Sql Injection,Banking,40.68,90689.0,Nation-State,Weak Passwords,Antivirus,40.0
France,2022,Sql Injection,Healthcare,50.99,931787.0,Hacker Group,Unpatched Software,Firewall,15.0
Germany,2017,Ddos,Education,98.61,992029.0,Nation-State,Unpatched Software,Vpn,26.0
Usa,2021,Ransomware,Government,72.24,283947.0,Hacker Group,Unpatched Software,Ai-Based Detection,72.0
India,2018,Malware,Banking,20.76,68718.0,Insider,Zero-Day,Encryption,47.0
Australia,2016,Ddos,Education,93.39,630087.0,Nation-State,Social Engineering,Vpn,72.0
Germany,2019,Ddos,Telecommunications,52.17,481252.0,Hacker Group,Weak Passwords,Antivirus,48.0
France,2021,Ransomware,It,50.99,935319.0,Nation-State,Social Engineering,Antivirus,25.0
Russia,2018,Malware,Banking,23.14,159475.0,Insider,Zero-Day,Encryption,19.0
Japan,2017,Ddos,Healthcare,90.38,316136.0,Hacker Group,Zero-Day,Vpn,22.0
Germany,2019,Ddos,Banking,71.08,445129.0,Insider,Unpatched Software,Antivirus,19.0
Brazil,2020,Ddos,Healthcare,53.42,545588.0,Insider,Unpatched Software,Antivirus,54.0
Uk,2023,Sql Injection,Healthcare,22.8,3315.0,Nation-State,Unpatched Software,Antivirus,36.0
Germany,2023,Ransomware,Retail,89.71,919427.0,Unknown,Weak Passwords,Ai-Based Detection,51.0
Australia,2015,Phishing,Banking,99.2,666877.0,Nation-State,Weak Passwords,Antivirus,28.0
Japan,2017,Ransomware,Telecommunications,49.72,578125.0,Insider,Social Engineering,Firewall,71.0
Russia,2015,Phishing,Government,13.26,616547.0,Hacker Group,Zero-Day,Ai-Based Detection,22.0
Germany,2016,Ddos,Government,26.97,976849.0,Hacker Group,Weak Passwords,Vpn,12.0
Russia,2024,Ransomware,Government,60.69,931196.0,Unknown,Social Engineering,Ai-Based Detection,27.0
China,2017,Phishing,Banking,38.69,240400.0,Unknown,Weak Passwords,Encryption,36.0
Usa,2022,Ddos,It,74.59,281698.0,Insider,Social Engineering,Encryption,18.0
Uk,2015,Ddos,Retail,94.19,145401.0,Insider,Unpatched Software,Antivirus,14.0
Uk,2018,Sql Injection,Retail,85.18,918201.0,Insider,Zero-Day,Encryption,35.0
Russia,2017,Malware,Healthcare,42.4,71213.0,Nation-State,Zero-Day,Firewall,58.0
Usa,2022,Ransomware,Banking,34.58,322611.0,Unknown,Unpatched Software,Antivirus,16.0
Russia,2023,Sql Injection,Telecommunications,48.84,680011.0,Insider,Unpatched Software,Encryption,66.0
Uk,2016,Sql Injection,Healthcare,63.93,165204.0,Hacker Group,Social Engineering,Encryption,18.0
Germany,2021,Sql Injection,Education,55.5,693497.0,Nation-State,Unpatched Software,Antivirus,56.0
Australia,2022,Malware,Telecommunications,32.6,363166.0,Unknown,Unpatched Software,Antivirus,38.0
Russia,2017,Ransomware,Retail,52.79,942824.0,Nation-State,Social Engineering,Antivirus,36.0
Russia,2020,Ransomware,It,36.9,809153.0,Nation-State,Social Engineering,Ai-Based Detection,48.0
Brazil,2016,Ransomware,Education,5.51,740421.0,Unknown,Social Engineering,Encryption,59.0
Usa,2024,Malware,Retail,52.2,579778.0,Nation-State,Zero-Day,Firewall,57.0
Russia,2017,Malware,It,68.12,627616.0,Insider,Zero-Day,Firewall,29.0
France,2017,Sql Injection,Government,36.09,696801.0,Unknown,Zero-Day,Vpn,32.0
Russia,2019,Ddos,Healthcare,68.1,819663.0,Unknown,Zero-Day,Encryption,5.0
Russia,2022,Sql Injection,Government,10.46,778573.0,Unknown,Zero-Day,Encryption,62.0
Brazil,2020,Malware,Telecommunications,23.21,850214.0,Unknown,Social Engineering,Antivirus,45.0
China,2018,Sql Injection,Government,1.89,83376.0,Insider,Unpatched Software,Firewall,62.0
Uk,2020,Ransomware,Telecommunications,48.68,459635.0,Insider,Unpatched Software,Antivirus,49.0
India,2021,Ransomware,Government,9.54,386911.0,Insider,Social Engineering,Antivirus,33.0
China,2021,Phishing,Telecommunications,76.26,756305.0,Nation-State,Weak Passwords,Vpn,45.0
China,2020,Phishing,It,55.06,743177.0,Hacker Group,Unpatched Software,Antivirus,21.0
Japan,2022,Malware,Education,17.3,893060.0,Unknown,Social Engineering,Encryption,19.0
Germany,2023,Malware,Government,69.39,358933.0,Nation-State,Zero-Day,Antivirus,3.0
India,2019,Phishing,Government,8.93,725325.0,Insider,Zero-Day,Firewall,16.0
France,2015,Ransomware,It,74.03,597723.0,Unknown,Zero-Day,Encryption,48.0
China,2024,Phishing,Retail,11.72,311675.0,Unknown,Weak Passwords,Firewall,18.0
Japan,2020,Ransomware,Government,21.92,74407.0,Unknown,Unpatched Software,Antivirus,48.0
Russia,2022,Malware,Government,37.07,138915.0,Hacker Group,Weak Passwords,Vpn,44.0
Russia,2022,Ddos,Banking,84.09,153829.0,Hacker Group,Weak Passwords,Vpn,6.0
Japan,2015,Phishing,Education,58.86,587851.0,Nation-State,Social Engineering,Encryption,36.0
Russia,2015,Malware,Government,54.59,728308.0,Unknown,Zero-Day,Firewall,10.0
France,2019,Malware,Retail,71.84,471898.0,Hacker Group,Social Engineering,Vpn,55.0
Russia,2019,Sql Injection,Banking,14.15,639630.0,Insider,Unpatched Software,Encryption,31.0
Uk,2023,Malware,Retail,28.79,6691.0,Hacker Group,Zero-Day,Vpn,57.0
Russia,2015,Ransomware,Retail,46.96,672033.0,Hacker Group,Social Engineering,Antivirus,2.0
Usa,2016,Sql Injection,Healthcare,98.03,719415.0,Nation-State,Unpatched Software,Firewall,56.0
Germany,2022,Malware,Telecommunications,92.53,727509.0,Insider,Zero-Day,Ai-Based Detection,67.0
France,2021,Sql Injection,Banking,78.89,505132.5,Hacker Group,Zero-Day,Vpn,30.0
India,2018,Sql Injection,Government,80.0,147384.0,Unknown,Zero-Day,Firewall,54.0
Brazil,2015,Phishing,Banking,63.14,545908.0,Insider,Social Engineering,Ai-Based Detection,36.0
Russia,2022,Sql Injection,It,2.1,354694.0,Insider,Weak Passwords,Encryption,18.0
India,2019,Ddos,Banking,14.98,849664.0,Unknown,Social Engineering,Antivirus,40.0
France,2024,Sql Injection,Government,9.91,248359.0,Nation-State,Weak Passwords,Firewall,58.0
India,2023,Man-In-The-Middle,Retail,12.96,254903.0,Unknown,Social Engineering,Antivirus,4.0
Brazil,2016,Man-In-The-Middle,Education,19.59,647998.0,Insider,Weak Passwords,Ai-Based Detection,38.0
India,2022,Phishing,It,37.76,800909.0,Nation-State,Zero-Day,Antivirus,53.0
Japan,2022,Man-In-The-Middle,Banking,95.8,23469.0,Insider,Zero-Day,Firewall,64.0
France,2017,Phishing,Healthcare,4.87,388325.0,Nation-State,Zero-Day,Ai-Based Detection,39.0
Russia,2018,Ddos,Retail,64.39,359124.0,Insider,Unpatched Software,Ai-Based Detection,13.0
India,2023,Malware,Healthcare,70.36,992014.0,Insider,Social Engineering,Encryption,62.0
China,2022,Malware,Education,35.05,596468.0,Insider,Unpatched Software,Vpn,29.0
Germany,2015,Ransomware,Healthcare,58.91,801948.0,Insider,Zero-Day,Vpn,55.0
China,2015,Sql Injection,Healthcare,24.07,950991.0,Nation-State,Social Engineering,Encryption,49.0
Germany,2017,Man-In-The-Middle,Healthcare,97.14,875912.0,Insider,Unpatched Software,Firewall,33.0
Australia,2024,Ddos,Banking,50.99,35041.0,Hacker Group,Social Engineering,Antivirus,14.0
Uk,2022,Malware,Retail,43.99,431678.0,Insider,Unpatched Software,Encryption,60.0
Russia,2023,Sql Injection,Telecommunications,79.71,358439.0,Insider,Unpatched Software,Antivirus,48.0
Brazil,2015,Malware,Healthcare,88.08,905770.0,Nation-State,Zero-Day,Vpn,9.0
Australia,2021,Ransomware,Healthcare,37.89,843256.0,Nation-State,Unpatched Software,Antivirus,43.0
Usa,2022,Sql Injection,It,37.94,505132.5,Hacker Group,Social Engineering,Antivirus,44.0
Brazil,2021,Ransomware,Education,18.11,849791.0,Nation-State,Unpatched Software,Vpn,53.0
France,2015,Phishing,Telecommunications,65.16,998011.0,Unknown,Zero-Day,Encryption,14.0
Russia,2019,Ransomware,Banking,28.14,594170.0,Nation-State,Social Engineering,Ai-Based Detection,53.0
Uk,2021,Malware,Banking,60.14,191427.0,Nation-State,Zero-Day,Encryption,56.0
Germany,2017,Sql Injection,Banking,54.98,786577.0,Insider,Unpatched Software,Firewall,70.0
Germany,2019,Ransomware,Government,58.6,76066.0,Insider,Unpatched Software,Ai-Based Detection,8.0
Uk,2021,Phishing,Government,51.42,190694.0,Unknown,Social Engineering,Firewall,52.0
Brazil,2023,Sql Injection,Telecommunications,30.28,892843.0,Hacker Group,Zero-Day,Vpn,26.0
Brazil,2017,Sql Injection,It,32.97,734737.0,Nation-State,Weak Passwords,Ai-Based Detection,36.0
Uk,2022,Phishing,It,32.17,379954.0,Insider,Unpatched Software,Firewall,9.0
Germany,2021,Sql Injection,Retail,48.2,480984.0,Unknown,Zero-Day,Vpn,64.0
